policy,alpha,year,population_cases,known_outcomes,missing_inputs,normal,degraded,abstain,issued_unknown_outcomes,known_flares,deferred_known_flares,boundary_unmatured_by_year_end
guarded_fallback,0.1,2021,5828,5558,1253,1249,14,4565,62,229,163,104
guarded_fallback,0.1,2022,11535,9799,2525,5438,469,5628,841,854,378,213
guarded_fallback,0.1,2023,14676,12062,3489,4740,864,9072,855,1384,706,75
guarded_fallback,0.1,2024,14732,9182,3359,8267,901,5564,3552,1713,703,99
guarded_fallback,0.1,2025,14774,12366,5516,6934,607,7233,1480,1076,750,162
guarded_fallback,0.1,2026,14923,13586,2764,6864,509,7550,697,1208,613,0
guarded_fallback,0.05,2021,5828,5558,1253,1180,11,4637,62,229,191,104
guarded_fallback,0.05,2022,11535,9799,2525,4032,339,7164,615,854,525,213
guarded_fallback,0.05,2023,14676,12062,3489,2991,740,10945,549,1384,966,75
guarded_fallback,0.05,2024,14732,9182,3359,6703,671,7358,2866,1713,919,99
guarded_fallback,0.05,2025,14774,12366,5516,5712,382,8680,1291,1076,937,162
guarded_fallback,0.05,2026,14923,13586,2764,4902,459,9562,484,1208,805,0
