policy,alpha,role,grouping,metric,low,high,groups,groups_with_denominator,valid_repetitions
gru_singleton,0.1,policy_validation,region_component,retention,0.4502456252206356,0.5587206425092398,313,313,1000
gru_singleton,0.1,policy_validation,region_component,selective_error,0.14451975758857002,0.24179351287735673,313,193,1000
gru_singleton,0.1,policy_validation,region_component,flare_retention,0.740199059890671,0.9751477419532173,313,17,1000
gru_singleton,0.1,policy_validation,region_component,nonflare_retention,0.43548640704478564,0.5473176347731729,313,309,1000
gru_singleton,0.1,policy_validation,region_component,alert_fraction_of_all_flares,0.5850308047747401,0.9184555187534988,313,17,1000
gru_singleton,0.1,policy_validation,region_component,false_clear_fraction_of_all_flares,0.0,0.22703182618169623,313,17,1000
gru_singleton,0.1,policy_validation,region_component,deferred_fraction_of_all_flares,0.024852258046782663,0.25980094010932897,313,17,1000
gru_singleton,0.1,policy_validation,region_component,false_alert_fraction_of_all_nonflares,0.07205901171348794,0.12250353773584906,313,309,1000
gru_singleton,0.1,policy_validation,region_component,false_clear_rate_among_retained_flares,0.0,0.26750041827003507,313,15,1000
gru_singleton,0.1,policy_validation,region_component,false_alert_rate_among_retained_nonflares,0.1469575755954534,0.25191579590893787,313,189,1000
gru_singleton,0.1,policy_validation,calendar_7day_UTC,retention,0.4199302553158973,0.5805236634343081,181,181,1000
gru_singleton,0.1,policy_validation,calendar_7day_UTC,selective_error,0.1435174894398,0.2535949694547198,181,95,1000
gru_singleton,0.1,policy_validation,calendar_7day_UTC,flare_retention,0.7538244047619047,0.9614351557533376,181,19,1000
gru_singleton,0.1,policy_validation,calendar_7day_UTC,nonflare_retention,0.40361166755027805,0.5697649856368135,181,180,1000
gru_singleton,0.1,policy_validation,calendar_7day_UTC,alert_fraction_of_all_flares,0.64084853673508,0.9125030339805825,181,19,1000
gru_singleton,0.1,policy_validation,calendar_7day_UTC,false_clear_fraction_of_all_flares,0.007213755684991623,0.20247315747613995,181,19,1000
gru_singleton,0.1,policy_validation,calendar_7day_UTC,deferred_fraction_of_all_flares,0.03856484424666243,0.24617559523809524,181,19,1000
gru_singleton,0.1,policy_validation,calendar_7day_UTC,false_alert_fraction_of_all_nonflares,0.07367083575076032,0.12154804411227212,181,180,1000
gru_singleton,0.1,policy_validation,calendar_7day_UTC,false_clear_rate_among_retained_flares,0.008136339490029423,0.23668710516536604,181,16,1000
gru_singleton,0.1,policy_validation,calendar_7day_UTC,false_alert_rate_among_retained_nonflares,0.14469027634260248,0.2662097726569308,181,93,1000
gru_singleton,0.1,retrospective_cycle25,region_component,retention,0.6138448447561314,0.6658828151834183,943,943,1000
gru_singleton,0.1,retrospective_cycle25,region_component,selective_error,0.14365151168898063,0.19509163246656502,943,823,1000
gru_singleton,0.1,retrospective_cycle25,region_component,flare_retention,0.6190495798610425,0.7359108088409204,943,137,1000
gru_singleton,0.1,retrospective_cycle25,region_component,nonflare_retention,0.6081455131539838,0.6626175247211629,943,913,1000
gru_singleton,0.1,retrospective_cycle25,region_component,alert_fraction_of_all_flares,0.48882631212475197,0.6235513680610366,943,137,1000
gru_singleton,0.1,retrospective_cycle25,region_component,false_clear_fraction_of_all_flares,0.07751098330537583,0.16461077436486876,943,137,1000
gru_singleton,0.1,retrospective_cycle25,region_component,deferred_fraction_of_all_flares,0.26408919115907964,0.3809504201389575,943,137,1000
gru_singleton,0.1,retrospective_cycle25,region_component,false_alert_fraction_of_all_nonflares,0.08820512413807008,0.1262022307533649,943,913,1000
gru_singleton,0.1,retrospective_cycle25,region_component,false_clear_rate_among_retained_flares,0.1152806782696762,0.24545846619488468,943,124,1000
gru_singleton,0.1,retrospective_cycle25,region_component,false_alert_rate_among_retained_nonflares,0.13850685321391545,0.19756665943323332,943,777,1000
gru_singleton,0.1,retrospective_cycle25,calendar_7day_UTC,retention,0.600981584373482,0.6758114166402416,255,255,1000
gru_singleton,0.1,retrospective_cycle25,calendar_7day_UTC,selective_error,0.14494650976177378,0.19449328674892208,255,233,1000
gru_singleton,0.1,retrospective_cycle25,calendar_7day_UTC,flare_retention,0.6205241252457813,0.7330231694237901,255,126,1000
gru_singleton,0.1,retrospective_cycle25,calendar_7day_UTC,nonflare_retention,0.5919622463082389,0.67355060889183,255,255,1000
gru_singleton,0.1,retrospective_cycle25,calendar_7day_UTC,alert_fraction_of_all_flares,0.49634905930728845,0.6220019552489059,255,126,1000
gru_singleton,0.1,retrospective_cycle25,calendar_7day_UTC,false_clear_fraction_of_all_flares,0.07584492451141041,0.16675933730143966,255,126,1000
gru_singleton,0.1,retrospective_cycle25,calendar_7day_UTC,deferred_fraction_of_all_flares,0.26697683057620986,0.3794758747542188,255,126,1000
gru_singleton,0.1,retrospective_cycle25,calendar_7day_UTC,false_alert_fraction_of_all_nonflares,0.08977088606823078,0.12321757682367489,255,255,1000
gru_singleton,0.1,retrospective_cycle25,calendar_7day_UTC,false_clear_rate_among_retained_flares,0.11407741091065698,0.24283721321347387,255,113,1000
gru_singleton,0.1,retrospective_cycle25,calendar_7day_UTC,false_alert_rate_among_retained_nonflares,0.14033890440344834,0.1970691924960475,255,230,1000
gru_singleton,0.1,supplementary_2026,region_component,retention,0.5788466214067711,0.6732336915094312,128,128,1000
gru_singleton,0.1,supplementary_2026,region_component,selective_error,0.11828443931698206,0.22070086224455154,128,128,1000
gru_singleton,0.1,supplementary_2026,region_component,flare_retention,0.4706854195734503,0.7660061510852179,128,22,1000
gru_singleton,0.1,supplementary_2026,region_component,nonflare_retention,0.5763528980394718,0.674216704098126,128,126,1000
gru_singleton,0.1,supplementary_2026,region_component,alert_fraction_of_all_flares,0.20880503292789782,0.595720825855614,128,22,1000
gru_singleton,0.1,supplementary_2026,region_component,false_clear_fraction_of_all_flares,0.10788140738212956,0.3442917902031563,128,22,1000
gru_singleton,0.1,supplementary_2026,region_component,deferred_fraction_of_all_flares,0.23399384891478212,0.5293145804265498,128,22,1000
gru_singleton,0.1,supplementary_2026,region_component,false_alert_fraction_of_all_nonflares,0.06713400616940779,0.12582729849826058,128,126,1000
gru_singleton,0.1,supplementary_2026,region_component,false_clear_rate_among_retained_flares,0.16451762769459488,0.5909708790027939,128,22,1000
gru_singleton,0.1,supplementary_2026,region_component,false_alert_rate_among_retained_nonflares,0.10246611296229226,0.20894692000085366,128,126,1000
gru_singleton,0.1,supplementary_2026,calendar_7day_UTC,retention,0.5646027716785278,0.6896231513346722,33,33,1000
gru_singleton,0.1,supplementary_2026,calendar_7day_UTC,selective_error,0.116352162454604,0.2207570248353958,33,33,1000
gru_singleton,0.1,supplementary_2026,calendar_7day_UTC,flare_retention,0.48928133621722597,0.7338828571968052,33,21,1000
gru_singleton,0.1,supplementary_2026,calendar_7day_UTC,nonflare_retention,0.5627397067964158,0.6934621251443697,33,33,1000
gru_singleton,0.1,supplementary_2026,calendar_7day_UTC,alert_fraction_of_all_flares,0.25344145515142336,0.5578083435953844,33,21,1000
gru_singleton,0.1,supplementary_2026,calendar_7day_UTC,false_clear_fraction_of_all_flares,0.1022325132175372,0.31976821142246886,33,21,1000
gru_singleton,0.1,supplementary_2026,calendar_7day_UTC,deferred_fraction_of_all_flares,0.2661171428031948,0.5107186637827741,33,21,1000
gru_singleton,0.1,supplementary_2026,calendar_7day_UTC,false_alert_fraction_of_all_nonflares,0.06181785497569711,0.13182468877884615,33,33,1000
gru_singleton,0.1,supplementary_2026,calendar_7day_UTC,false_clear_rate_among_retained_flares,0.16534831178611772,0.5354382827910259,33,18,1000
gru_singleton,0.1,supplementary_2026,calendar_7day_UTC,false_alert_rate_among_retained_nonflares,0.09353749946551504,0.21262449965363278,33,33,1000
guarded_gru,0.1,policy_validation,region_component,retention,0.371151750126489,0.4896930187612141,313,313,1000
guarded_gru,0.1,policy_validation,region_component,selective_error,0.054247996727590765,0.1271284605335198,313,145,1000
guarded_gru,0.1,policy_validation,region_component,flare_retention,0.26635485732388947,0.7458494718309859,313,17,1000
guarded_gru,0.1,policy_validation,region_component,nonflare_retention,0.3668321054573297,0.4873007155148229,313,309,1000
guarded_gru,0.1,policy_validation,region_component,alert_fraction_of_all_flares,0.1741258006930589,0.6469369673923895,313,17,1000
guarded_gru,0.1,policy_validation,region_component,false_clear_fraction_of_all_flares,0.0,0.22703182618169623,313,17,1000
guarded_gru,0.1,policy_validation,region_component,deferred_fraction_of_all_flares,0.25415052816901407,0.7336451426761106,313,17,1000
guarded_gru,0.1,policy_validation,region_component,false_alert_fraction_of_all_nonflares,0.02126586790164354,0.05458521686383542,313,309,1000
guarded_gru,0.1,policy_validation,region_component,false_clear_rate_among_retained_flares,0.0,0.46164122137404573,313,10,1000
guarded_gru,0.1,policy_validation,region_component,false_alert_rate_among_retained_nonflares,0.0504007875848861,0.12816698470190974,313,143,1000
guarded_gru,0.1,policy_validation,calendar_7day_UTC,retention,0.33759587642789407,0.5130694757782248,181,181,1000
guarded_gru,0.1,policy_validation,calendar_7day_UTC,selective_error,0.06014694414678494,0.1250545679437162,181,50,1000
guarded_gru,0.1,policy_validation,calendar_7day_UTC,flare_retention,0.24368723098995695,0.7460637802398588,181,19,1000
guarded_gru,0.1,policy_validation,calendar_7day_UTC,nonflare_retention,0.3349837065592019,0.5135423634194753,181,180,1000
guarded_gru,0.1,policy_validation,calendar_7day_UTC,alert_fraction_of_all_flares,0.17854965156794425,0.6685101452260789,181,19,1000
guarded_gru,0.1,policy_validation,calendar_7day_UTC,false_clear_fraction_of_all_flares,0.007213755684991623,0.20247315747613995,181,19,1000
guarded_gru,0.1,policy_validation,calendar_7day_UTC,deferred_fraction_of_all_flares,0.2539362197601412,0.7563127690100429,181,19,1000
guarded_gru,0.1,policy_validation,calendar_7day_UTC,false_alert_fraction_of_all_nonflares,0.023511060352511916,0.053647259604168496,181,180,1000
guarded_gru,0.1,policy_validation,calendar_7day_UTC,false_clear_rate_among_retained_flares,0.01546193497224425,0.43990692262943565,181,10,1000
guarded_gru,0.1,policy_validation,calendar_7day_UTC,false_alert_rate_among_retained_nonflares,0.05765216323354418,0.12416107751950126,181,50,1000
guarded_gru,0.1,retrospective_cycle25,region_component,retention,0.5435657995394583,0.5958003412695604,943,943,1000
guarded_gru,0.1,retrospective_cycle25,region_component,selective_error,0.10665747516350324,0.15122956096731938,943,788,1000
guarded_gru,0.1,retrospective_cycle25,region_component,flare_retention,0.4027163821778268,0.5285171304690021,943,137,1000
guarded_gru,0.1,retrospective_cycle25,region_component,nonflare_retention,0.5557502444914726,0.6107215377702796,943,913,1000
guarded_gru,0.1,retrospective_cycle25,region_component,alert_fraction_of_all_flares,0.2897449567879906,0.4096346666803587,943,137,1000
guarded_gru,0.1,retrospective_cycle25,region_component,false_clear_fraction_of_all_flares,0.0763251802728562,0.16227719057546244,943,137,1000
guarded_gru,0.1,retrospective_cycle25,region_component,deferred_fraction_of_all_flares,0.47148286953099805,0.5972836178221731,943,137,1000
guarded_gru,0.1,retrospective_cycle25,region_component,false_alert_fraction_of_all_nonflares,0.054177091992608034,0.08170882130916474,943,913,1000
guarded_gru,0.1,retrospective_cycle25,region_component,false_clear_rate_among_retained_flares,0.1700312478042611,0.3438335083239667,943,111,1000
guarded_gru,0.1,retrospective_cycle25,region_component,false_alert_rate_among_retained_nonflares,0.0937138132025961,0.14078589447477846,943,745,1000
guarded_gru,0.1,retrospective_cycle25,calendar_7day_UTC,retention,0.5293408667467453,0.6076015922858279,255,255,1000
guarded_gru,0.1,retrospective_cycle25,calendar_7day_UTC,selective_error,0.10583583349910039,0.14880716519026635,255,218,1000
guarded_gru,0.1,retrospective_cycle25,calendar_7day_UTC,flare_retention,0.4056989360373909,0.5248325380268531,255,126,1000
guarded_gru,0.1,retrospective_cycle25,calendar_7day_UTC,nonflare_retention,0.5387505281008776,0.6233392110874081,255,255,1000
guarded_gru,0.1,retrospective_cycle25,calendar_7day_UTC,alert_fraction_of_all_flares,0.2956018384667586,0.3985846496553964,255,126,1000
guarded_gru,0.1,retrospective_cycle25,calendar_7day_UTC,false_clear_fraction_of_all_flares,0.07399765420775904,0.16446755239732025,255,126,1000
guarded_gru,0.1,retrospective_cycle25,calendar_7day_UTC,deferred_fraction_of_all_flares,0.47516746197314685,0.5943010639626091,255,126,1000
guarded_gru,0.1,retrospective_cycle25,calendar_7day_UTC,false_alert_fraction_of_all_nonflares,0.05459057261002281,0.08000396701501648,255,255,1000
guarded_gru,0.1,retrospective_cycle25,calendar_7day_UTC,false_clear_rate_among_retained_flares,0.16762112454019967,0.33090282157420975,255,102,1000
guarded_gru,0.1,retrospective_cycle25,calendar_7day_UTC,false_alert_rate_among_retained_nonflares,0.09323776818808069,0.1388977153796985,255,216,1000
guarded_gru,0.1,supplementary_2026,region_component,retention,0.5099816456746828,0.6055598209602012,128,128,1000
guarded_gru,0.1,supplementary_2026,region_component,selective_error,0.10677168503307974,0.20826508563767063,128,128,1000
guarded_gru,0.1,supplementary_2026,region_component,flare_retention,0.3499728714524207,0.560978758238529,128,22,1000
guarded_gru,0.1,supplementary_2026,region_component,nonflare_retention,0.5160741569893039,0.6159986634045747,128,126,1000
guarded_gru,0.1,supplementary_2026,region_component,alert_fraction_of_all_flares,0.15022360571168783,0.41547802566066644,128,22,1000
guarded_gru,0.1,supplementary_2026,region_component,false_clear_fraction_of_all_flares,0.0835547201336675,0.2861885383453599,128,22,1000
guarded_gru,0.1,supplementary_2026,region_component,deferred_fraction_of_all_flares,0.43902124176147095,0.6500271285475793,128,22,1000
guarded_gru,0.1,supplementary_2026,region_component,false_alert_fraction_of_all_nonflares,0.05479348961333752,0.10407487414629361,128,126,1000
guarded_gru,0.1,supplementary_2026,region_component,false_clear_rate_among_retained_flares,0.17498908977556107,0.6336240535557662,128,20,1000
guarded_gru,0.1,supplementary_2026,region_component,false_alert_rate_among_retained_nonflares,0.09192578325244807,0.18961928714908258,128,125,1000
guarded_gru,0.1,supplementary_2026,calendar_7day_UTC,retention,0.5004461108286731,0.624331921808588,33,33,1000
guarded_gru,0.1,supplementary_2026,calendar_7day_UTC,selective_error,0.10696034708307073,0.20521542933191583,33,33,1000
guarded_gru,0.1,supplementary_2026,calendar_7day_UTC,flare_retention,0.34780572470232324,0.5810724266993216,33,21,1000
guarded_gru,0.1,supplementary_2026,calendar_7day_UTC,nonflare_retention,0.5084934476563545,0.635559717533287,33,33,1000
guarded_gru,0.1,supplementary_2026,calendar_7day_UTC,alert_fraction_of_all_flares,0.17375268005452027,0.44621685420743634,33,21,1000
guarded_gru,0.1,supplementary_2026,calendar_7day_UTC,false_clear_fraction_of_all_flares,0.07853161784499425,0.2678969036881945,33,21,1000
guarded_gru,0.1,supplementary_2026,calendar_7day_UTC,deferred_fraction_of_all_flares,0.4189275733006784,0.6521942752976767,33,21,1000
guarded_gru,0.1,supplementary_2026,calendar_7day_UTC,false_alert_fraction_of_all_nonflares,0.051481934540815275,0.10637920967560498,33,33,1000
guarded_gru,0.1,supplementary_2026,calendar_7day_UTC,false_clear_rate_among_retained_flares,0.16573754829061604,0.5861607740165908,33,17,1000
guarded_gru,0.1,supplementary_2026,calendar_7day_UTC,false_alert_rate_among_retained_nonflares,0.08534131671694661,0.19084998381227966,33,33,1000
guarded_fallback,0.1,policy_validation,region_component,retention,0.3812952114885738,0.502423428117506,313,313,1000
guarded_fallback,0.1,policy_validation,region_component,selective_error,0.06240737184612167,0.14079521541669704,313,146,1000
guarded_fallback,0.1,policy_validation,region_component,flare_retention,0.3477174291642058,0.8622496871088859,313,17,1000
guarded_fallback,0.1,policy_validation,region_component,nonflare_retention,0.37480351183061184,0.49576326974880486,313,309,1000
guarded_fallback,0.1,policy_validation,region_component,alert_fraction_of_all_flares,0.25337999295163277,0.771418241618392,313,17,1000
guarded_fallback,0.1,policy_validation,region_component,false_clear_fraction_of_all_flares,0.004509564489764147,0.23359934494714102,313,17,1000
guarded_fallback,0.1,policy_validation,region_component,deferred_fraction_of_all_flares,0.13775031289111392,0.652282570835794,313,17,1000
guarded_fallback,0.1,policy_validation,region_component,false_alert_fraction_of_all_nonflares,0.025691017149761273,0.061721914810609624,313,309,1000
guarded_fallback,0.1,policy_validation,region_component,false_clear_rate_among_retained_flares,0.007142857142857143,0.3891462779802186,313,11,1000
guarded_fallback,0.1,policy_validation,region_component,false_alert_rate_among_retained_nonflares,0.05879029684254322,0.14140371066416674,313,143,1000
guarded_fallback,0.1,policy_validation,calendar_7day_UTC,retention,0.34687290553903977,0.5272191485579815,181,181,1000
guarded_fallback,0.1,policy_validation,calendar_7day_UTC,selective_error,0.06985601342409295,0.13599837568914733,181,51,1000
guarded_fallback,0.1,policy_validation,calendar_7day_UTC,flare_retention,0.3059970120644943,0.8731397432363249,181,19,1000
guarded_fallback,0.1,policy_validation,calendar_7day_UTC,nonflare_retention,0.3399598979519765,0.5230327883548143,181,180,1000
guarded_fallback,0.1,policy_validation,calendar_7day_UTC,alert_fraction_of_all_flares,0.24682702194801973,0.7824669094398046,181,19,1000
guarded_fallback,0.1,policy_validation,calendar_7day_UTC,false_clear_fraction_of_all_flares,0.012824140599093625,0.20737063282794985,181,19,1000
guarded_fallback,0.1,policy_validation,calendar_7day_UTC,deferred_fraction_of_all_flares,0.12686025676367504,0.6940029879355055,181,19,1000
guarded_fallback,0.1,policy_validation,calendar_7day_UTC,false_alert_fraction_of_all_nonflares,0.027688893725247483,0.06045311292618204,181,180,1000
guarded_fallback,0.1,policy_validation,calendar_7day_UTC,false_clear_rate_among_retained_flares,0.02220679012345679,0.37374566760191424,181,11,1000
guarded_fallback,0.1,policy_validation,calendar_7day_UTC,false_alert_rate_among_retained_nonflares,0.06701677779744694,0.13597384827317655,181,50,1000
guarded_fallback,0.1,retrospective_cycle25,region_component,retention,0.606011375910423,0.6583440292498437,943,943,1000
guarded_fallback,0.1,retrospective_cycle25,region_component,selective_error,0.14019940589478905,0.18949395924911525,943,808,1000
guarded_fallback,0.1,retrospective_cycle25,region_component,flare_retention,0.6007458551049558,0.7245620325722628,943,137,1000
guarded_fallback,0.1,retrospective_cycle25,region_component,nonflare_retention,0.6019571009077265,0.6565884452142691,943,913,1000
guarded_fallback,0.1,retrospective_cycle25,region_component,alert_fraction_of_all_flares,0.4599862314356021,0.6016634437827385,943,137,1000
guarded_fallback,0.1,retrospective_cycle25,region_component,false_clear_fraction_of_all_flares,0.08674863089832675,0.1769335398284834,943,137,1000
guarded_fallback,0.1,retrospective_cycle25,region_component,deferred_fraction_of_all_flares,0.27543796742773724,0.3992541448950442,943,137,1000
guarded_fallback,0.1,retrospective_cycle25,region_component,false_alert_fraction_of_all_nonflares,0.08375229003044658,0.11840029646977242,943,913,1000
guarded_fallback,0.1,retrospective_cycle25,region_component,false_clear_rate_among_retained_flares,0.12922712136055237,0.2693529323097835,943,119,1000
guarded_fallback,0.1,retrospective_cycle25,region_component,false_alert_rate_among_retained_nonflares,0.13251231450845433,0.18821734145580574,943,761,1000
guarded_fallback,0.1,retrospective_cycle25,calendar_7day_UTC,retention,0.5916615683926906,0.6683097969549429,255,255,1000
guarded_fallback,0.1,retrospective_cycle25,calendar_7day_UTC,selective_error,0.13874571647828615,0.18705242630846367,255,218,1000
guarded_fallback,0.1,retrospective_cycle25,calendar_7day_UTC,flare_retention,0.6036747275958333,0.7170261561157406,255,126,1000
guarded_fallback,0.1,retrospective_cycle25,calendar_7day_UTC,nonflare_retention,0.5838589295333363,0.6679860622706664,255,255,1000
guarded_fallback,0.1,retrospective_cycle25,calendar_7day_UTC,alert_fraction_of_all_flares,0.47393208944995124,0.5929389635262198,255,126,1000
guarded_fallback,0.1,retrospective_cycle25,calendar_7day_UTC,false_clear_fraction_of_all_flares,0.08480485349292818,0.17616064090110958,255,126,1000
guarded_fallback,0.1,retrospective_cycle25,calendar_7day_UTC,deferred_fraction_of_all_flares,0.28297384388425934,0.3963252724041666,255,126,1000
guarded_fallback,0.1,retrospective_cycle25,calendar_7day_UTC,false_alert_fraction_of_all_nonflares,0.08265790272070962,0.11725229208753386,255,255,1000
guarded_fallback,0.1,retrospective_cycle25,calendar_7day_UTC,false_clear_rate_among_retained_flares,0.1306438906044443,0.2628668863873027,255,109,1000
guarded_fallback,0.1,retrospective_cycle25,calendar_7day_UTC,false_alert_rate_among_retained_nonflares,0.1318237382947055,0.187481084535753,255,216,1000
guarded_fallback,0.1,supplementary_2026,region_component,retention,0.55192446914188,0.6458225045485716,128,128,1000
guarded_fallback,0.1,supplementary_2026,region_component,selective_error,0.12370207417650621,0.23320409089049934,128,128,1000
guarded_fallback,0.1,supplementary_2026,region_component,flare_retention,0.42398153477218226,0.7487182459998726,128,22,1000
guarded_fallback,0.1,supplementary_2026,region_component,nonflare_retention,0.5506406544172094,0.6474116888134577,128,126,1000
guarded_fallback,0.1,supplementary_2026,region_component,alert_fraction_of_all_flares,0.22204928664072632,0.6045526825693707,128,22,1000
guarded_fallback,0.1,supplementary_2026,region_component,false_clear_fraction_of_all_flares,0.08520185406698565,0.2871632089859352,128,22,1000
guarded_fallback,0.1,supplementary_2026,region_component,deferred_fraction_of_all_flares,0.2512817540001275,0.5760184652278176,128,22,1000
guarded_fallback,0.1,supplementary_2026,region_component,false_alert_fraction_of_all_nonflares,0.07062959481984588,0.13162260407853937,128,126,1000
guarded_fallback,0.1,supplementary_2026,region_component,false_clear_rate_among_retained_flares,0.1312770562770563,0.5324755162869916,128,20,1000
guarded_fallback,0.1,supplementary_2026,region_component,false_alert_rate_among_retained_nonflares,0.11235310712185116,0.22628393429418073,128,126,1000
guarded_fallback,0.1,supplementary_2026,calendar_7day_UTC,retention,0.5414696336930205,0.6630246533511015,33,33,1000
guarded_fallback,0.1,supplementary_2026,calendar_7day_UTC,selective_error,0.12080539291404936,0.2330869535847807,33,33,1000
guarded_fallback,0.1,supplementary_2026,calendar_7day_UTC,flare_retention,0.45160816046422736,0.7094764045543633,33,21,1000
guarded_fallback,0.1,supplementary_2026,calendar_7day_UTC,nonflare_retention,0.5427950250343252,0.6653527173913043,33,33,1000
guarded_fallback,0.1,supplementary_2026,calendar_7day_UTC,alert_fraction_of_all_flares,0.25802500697220415,0.5670925573619279,33,21,1000
guarded_fallback,0.1,supplementary_2026,calendar_7day_UTC,false_clear_fraction_of_all_flares,0.07950472290694753,0.2688923504858538,33,21,1000
guarded_fallback,0.1,supplementary_2026,calendar_7day_UTC,deferred_fraction_of_all_flares,0.29052359544563666,0.5483918395357725,33,21,1000
guarded_fallback,0.1,supplementary_2026,calendar_7day_UTC,false_alert_fraction_of_all_nonflares,0.06482041494594755,0.13980293337460184,33,33,1000
guarded_fallback,0.1,supplementary_2026,calendar_7day_UTC,false_clear_rate_among_retained_flares,0.12848819505617,0.4800253164556962,33,17,1000
guarded_fallback,0.1,supplementary_2026,calendar_7day_UTC,false_alert_rate_among_retained_nonflares,0.10340642988514222,0.23040404859397837,33,33,1000
gru_singleton,0.05,policy_validation,region_component,retention,0.388214169062518,0.4963549828553117,313,313,1000
gru_singleton,0.05,policy_validation,region_component,selective_error,0.08156957057720103,0.16031378749840364,313,175,1000
gru_singleton,0.05,policy_validation,region_component,flare_retention,0.5619793233082706,0.8783210373351218,313,17,1000
gru_singleton,0.05,policy_validation,region_component,nonflare_retention,0.3775187611437013,0.48613355781257966,313,309,1000
gru_singleton,0.05,policy_validation,region_component,alert_fraction_of_all_flares,0.4541855077835434,0.8199567919684928,313,17,1000
gru_singleton,0.05,policy_validation,region_component,false_clear_fraction_of_all_flares,0.0,0.20599007118771065,313,17,1000
gru_singleton,0.05,policy_validation,region_component,deferred_fraction_of_all_flares,0.12167896266487815,0.4380206766917293,313,17,1000
gru_singleton,0.05,policy_validation,region_component,false_alert_fraction_of_all_nonflares,0.034752293445057196,0.06889059834292414,313,309,1000
gru_singleton,0.05,policy_validation,region_component,false_clear_rate_among_retained_flares,0.0,0.2843002175489485,313,13,1000
gru_singleton,0.05,policy_validation,region_component,false_alert_rate_among_retained_nonflares,0.08003397330517775,0.16368781075290104,313,170,1000
gru_singleton,0.05,policy_validation,calendar_7day_UTC,retention,0.35833410937902743,0.5181949722737155,181,181,1000
gru_singleton,0.05,policy_validation,calendar_7day_UTC,selective_error,0.07992864725783581,0.16248126965718745,181,82,1000
gru_singleton,0.05,policy_validation,calendar_7day_UTC,flare_retention,0.5779502955918263,0.875860344137655,181,19,1000
gru_singleton,0.05,policy_validation,calendar_7day_UTC,nonflare_retention,0.3437328736494059,0.5097526234474627,181,180,1000
gru_singleton,0.05,policy_validation,calendar_7day_UTC,alert_fraction_of_all_flares,0.49172475745598276,0.8146109839816933,181,19,1000
gru_singleton,0.05,policy_validation,calendar_7day_UTC,false_clear_fraction_of_all_flares,0.004809170456661082,0.18112818590704638,181,19,1000
gru_singleton,0.05,policy_validation,calendar_7day_UTC,deferred_fraction_of_all_flares,0.12413965586234495,0.42204970440817374,181,19,1000
gru_singleton,0.05,policy_validation,calendar_7day_UTC,false_alert_fraction_of_all_nonflares,0.03636860824632115,0.06757144992693628,181,180,1000
gru_singleton,0.05,policy_validation,calendar_7day_UTC,false_clear_rate_among_retained_flares,0.006460380210452882,0.25,181,14,1000
gru_singleton,0.05,policy_validation,calendar_7day_UTC,false_alert_rate_among_retained_nonflares,0.07934785578204893,0.16555827563668055,181,80,1000
gru_singleton,0.05,retrospective_cycle25,region_component,retention,0.4581468870573736,0.5137491294604256,943,943,1000
gru_singleton,0.05,retrospective_cycle25,region_component,selective_error,0.1008112142707983,0.15176219864981058,943,720,1000
gru_singleton,0.05,retrospective_cycle25,region_component,flare_retention,0.38221234809778276,0.5256433354625688,943,137,1000
gru_singleton,0.05,retrospective_cycle25,region_component,nonflare_retention,0.46142406112055423,0.5197240945243442,943,913,1000
gru_singleton,0.05,retrospective_cycle25,region_component,alert_fraction_of_all_flares,0.297830374701946,0.4478197747444626,943,137,1000
gru_singleton,0.05,retrospective_cycle25,region_component,false_clear_fraction_of_all_flares,0.04739240582986798,0.11799081237911024,943,137,1000
gru_singleton,0.05,retrospective_cycle25,region_component,deferred_fraction_of_all_flares,0.4743566645374312,0.6177876519022173,943,137,1000
gru_singleton,0.05,retrospective_cycle25,region_component,false_alert_fraction_of_all_nonflares,0.046567441413581614,0.0722551233726495,943,913,1000
gru_singleton,0.05,retrospective_cycle25,region_component,false_clear_rate_among_retained_flares,0.10188905311149117,0.2604104206163749,943,93,1000
gru_singleton,0.05,retrospective_cycle25,region_component,false_alert_rate_among_retained_nonflares,0.09509075698423161,0.148420973036354,943,674,1000
gru_singleton,0.05,retrospective_cycle25,calendar_7day_UTC,retention,0.4463358504789245,0.5230692681015926,255,255,1000
gru_singleton,0.05,retrospective_cycle25,calendar_7day_UTC,selective_error,0.10175337185525797,0.1518524250261131,255,227,1000
gru_singleton,0.05,retrospective_cycle25,calendar_7day_UTC,flare_retention,0.38259871498970743,0.5230752878067201,255,126,1000
gru_singleton,0.05,retrospective_cycle25,calendar_7day_UTC,nonflare_retention,0.4464987375551433,0.5290771354350582,255,255,1000
gru_singleton,0.05,retrospective_cycle25,calendar_7day_UTC,alert_fraction_of_all_flares,0.3106100643866163,0.44318367039200796,255,126,1000
gru_singleton,0.05,retrospective_cycle25,calendar_7day_UTC,false_clear_fraction_of_all_flares,0.04256975992734524,0.11553297225086034,255,126,1000
gru_singleton,0.05,retrospective_cycle25,calendar_7day_UTC,deferred_fraction_of_all_flares,0.4769247121932799,0.6174012850102926,255,126,1000
gru_singleton,0.05,retrospective_cycle25,calendar_7day_UTC,false_alert_fraction_of_all_nonflares,0.04709572227226375,0.07178375426511593,255,255,1000
gru_singleton,0.05,retrospective_cycle25,calendar_7day_UTC,false_clear_rate_among_retained_flares,0.09794643891140706,0.250456113759199,255,89,1000
gru_singleton,0.05,retrospective_cycle25,calendar_7day_UTC,false_alert_rate_among_retained_nonflares,0.09575164602009653,0.14933385320554796,255,223,1000
gru_singleton,0.05,supplementary_2026,region_component,retention,0.4048569168952968,0.5161856191670869,128,128,1000
gru_singleton,0.05,supplementary_2026,region_component,selective_error,0.06349377688845818,0.1611514074992512,128,123,1000
gru_singleton,0.05,supplementary_2026,region_component,flare_retention,0.2279819513706725,0.5718357028272799,128,22,1000
gru_singleton,0.05,supplementary_2026,region_component,nonflare_retention,0.4078355457326476,0.5217756005339718,128,126,1000
gru_singleton,0.05,supplementary_2026,region_component,alert_fraction_of_all_flares,0.10765171270852882,0.4794738552765093,128,22,1000
gru_singleton,0.05,supplementary_2026,region_component,false_clear_fraction_of_all_flares,0.04571864455132634,0.1909642980244181,128,22,1000
gru_singleton,0.05,supplementary_2026,region_component,deferred_fraction_of_all_flares,0.4281642971727201,0.7720180486293274,128,22,1000
gru_singleton,0.05,supplementary_2026,region_component,false_alert_fraction_of_all_nonflares,0.02517738076471532,0.0691533469166975,128,126,1000
gru_singleton,0.05,supplementary_2026,region_component,false_clear_rate_among_retained_flares,0.0991625693064128,0.5829721294179705,128,20,1000
gru_singleton,0.05,supplementary_2026,region_component,false_alert_rate_among_retained_nonflares,0.051522903563513474,0.14844608455919717,128,119,1000
gru_singleton,0.05,supplementary_2026,calendar_7day_UTC,retention,0.3926748331914396,0.5361754682455936,33,33,1000
gru_singleton,0.05,supplementary_2026,calendar_7day_UTC,selective_error,0.05929448002575543,0.16497117302271927,33,33,1000
gru_singleton,0.05,supplementary_2026,calendar_7day_UTC,flare_retention,0.234313261098162,0.5517490616936429,33,21,1000
gru_singleton,0.05,supplementary_2026,calendar_7day_UTC,nonflare_retention,0.39626516752617347,0.5451147399594422,33,33,1000
gru_singleton,0.05,supplementary_2026,calendar_7day_UTC,alert_fraction_of_all_flares,0.12904974815679976,0.4568805657412257,33,21,1000
gru_singleton,0.05,supplementary_2026,calendar_7day_UTC,false_clear_fraction_of_all_flares,0.03815713668443036,0.19026582990912502,33,21,1000
gru_singleton,0.05,supplementary_2026,calendar_7day_UTC,deferred_fraction_of_all_flares,0.44825093830635704,0.765686738901838,33,21,1000
gru_singleton,0.05,supplementary_2026,calendar_7day_UTC,false_alert_fraction_of_all_nonflares,0.019207453840915035,0.07397009356172068,33,33,1000
gru_singleton,0.05,supplementary_2026,calendar_7day_UTC,false_clear_rate_among_retained_flares,0.08722574863211234,0.5218013790461596,33,17,1000
gru_singleton,0.05,supplementary_2026,calendar_7day_UTC,false_alert_rate_among_retained_nonflares,0.03836602607616863,0.16391174287660568,33,33,1000
guarded_gru,0.05,policy_validation,region_component,retention,0.33974870555565295,0.45280986289543523,313,313,1000
guarded_gru,0.05,policy_validation,region_component,selective_error,0.023542797905912776,0.08026183469507675,313,143,1000
guarded_gru,0.05,policy_validation,region_component,flare_retention,0.1850594720046417,0.6268645357686452,313,17,1000
guarded_gru,0.05,policy_validation,region_component,nonflare_retention,0.3371907851595559,0.4519581042663645,313,309,1000
guarded_gru,0.05,policy_validation,region_component,alert_fraction_of_all_flares,0.1116644529932764,0.5457083307506353,313,17,1000
guarded_gru,0.05,policy_validation,region_component,false_clear_fraction_of_all_flares,0.0,0.20599007118771065,313,17,1000
guarded_gru,0.05,policy_validation,region_component,deferred_fraction_of_all_flares,0.37313546423135463,0.8149405279953581,313,17,1000
guarded_gru,0.05,policy_validation,region_component,false_alert_fraction_of_all_nonflares,0.00764173561143374,0.030545809755165437,313,309,1000
guarded_gru,0.05,policy_validation,region_component,false_clear_rate_among_retained_flares,0.0,0.5344870262888357,313,9,1000
guarded_gru,0.05,policy_validation,region_component,false_alert_rate_among_retained_nonflares,0.01939141150819983,0.07625598162174534,313,140,1000
guarded_gru,0.05,policy_validation,calendar_7day_UTC,retention,0.31012316942060075,0.4768424112517188,181,181,1000
guarded_gru,0.05,policy_validation,calendar_7day_UTC,selective_error,0.02712394938824866,0.0773839855290119,181,49,1000
guarded_gru,0.05,policy_validation,calendar_7day_UTC,flare_retention,0.17761535752025362,0.6366659923708241,181,19,1000
guarded_gru,0.05,policy_validation,calendar_7day_UTC,nonflare_retention,0.3062362487667671,0.4776760389459423,181,180,1000
guarded_gru,0.05,policy_validation,calendar_7day_UTC,alert_fraction_of_all_flares,0.10523273501673258,0.5657195024787535,181,19,1000
guarded_gru,0.05,policy_validation,calendar_7day_UTC,false_clear_fraction_of_all_flares,0.004809170456661082,0.18112818590704638,181,19,1000
guarded_gru,0.05,policy_validation,calendar_7day_UTC,deferred_fraction_of_all_flares,0.36333400762917584,0.8223846424797463,181,19,1000
guarded_gru,0.05,policy_validation,calendar_7day_UTC,false_alert_fraction_of_all_nonflares,0.008954697896887676,0.028841629714199058,181,180,1000
guarded_gru,0.05,policy_validation,calendar_7day_UTC,false_clear_rate_among_retained_flares,0.012343785503294706,0.5161669829222011,181,9,1000
guarded_gru,0.05,policy_validation,calendar_7day_UTC,false_alert_rate_among_retained_nonflares,0.023037972110777294,0.07323706485113964,181,49,1000
guarded_gru,0.05,retrospective_cycle25,region_component,retention,0.4080497382272781,0.4638229441412571,943,943,1000
guarded_gru,0.05,retrospective_cycle25,region_component,selective_error,0.06844814864545741,0.1088567767728033,943,685,1000
guarded_gru,0.05,retrospective_cycle25,region_component,flare_retention,0.23595782408810978,0.35862194201222414,943,137,1000
guarded_gru,0.05,retrospective_cycle25,region_component,nonflare_retention,0.42290401795315563,0.48082091827721485,943,913,1000
guarded_gru,0.05,retrospective_cycle25,region_component,alert_fraction_of_all_flares,0.16267448084726832,0.28136550675634,943,137,1000
guarded_gru,0.05,retrospective_cycle25,region_component,false_clear_fraction_of_all_flares,0.04633609911700735,0.11569002043306127,943,137,1000
guarded_gru,0.05,retrospective_cycle25,region_component,deferred_fraction_of_all_flares,0.6413780579877758,0.7640421759118902,943,137,1000
guarded_gru,0.05,retrospective_cycle25,region_component,false_alert_fraction_of_all_nonflares,0.024669291050006405,0.042862208427483284,943,913,1000
guarded_gru,0.05,retrospective_cycle25,region_component,false_clear_rate_among_retained_flares,0.1558347750865052,0.37491896263003205,943,81,1000
guarded_gru,0.05,retrospective_cycle25,region_component,false_alert_rate_among_retained_nonflares,0.054826582830315225,0.09573043022475666,943,641,1000
guarded_gru,0.05,retrospective_cycle25,calendar_7day_UTC,retention,0.39556294021894683,0.47152712102775646,255,255,1000
guarded_gru,0.05,retrospective_cycle25,calendar_7day_UTC,selective_error,0.06727341970246231,0.10867695096693011,255,212,1000
guarded_gru,0.05,retrospective_cycle25,calendar_7day_UTC,flare_retention,0.23844566340506318,0.36065274054994134,255,126,1000
guarded_gru,0.05,retrospective_cycle25,calendar_7day_UTC,nonflare_retention,0.4082085912119303,0.4918672591958673,255,255,1000
guarded_gru,0.05,retrospective_cycle25,calendar_7day_UTC,alert_fraction_of_all_flares,0.16807709380235106,0.27191792111833374,255,126,1000
guarded_gru,0.05,retrospective_cycle25,calendar_7day_UTC,false_clear_fraction_of_all_flares,0.04188392444646904,0.11449548944417641,255,126,1000
guarded_gru,0.05,retrospective_cycle25,calendar_7day_UTC,deferred_fraction_of_all_flares,0.6393472594500587,0.7615543365949368,255,126,1000
guarded_gru,0.05,retrospective_cycle25,calendar_7day_UTC,false_alert_fraction_of_all_nonflares,0.02516820487069216,0.042281467045091545,255,255,1000
guarded_gru,0.05,retrospective_cycle25,calendar_7day_UTC,false_clear_rate_among_retained_flares,0.14986407103977742,0.3601989111605605,255,77,1000
guarded_gru,0.05,retrospective_cycle25,calendar_7day_UTC,false_alert_rate_among_retained_nonflares,0.05467615713554572,0.09506171580304029,255,208,1000
guarded_gru,0.05,supplementary_2026,region_component,retention,0.34677591681432707,0.4573129751663703,128,128,1000
guarded_gru,0.05,supplementary_2026,region_component,selective_error,0.048280445909228475,0.13831596485627026,128,119,1000
guarded_gru,0.05,supplementary_2026,region_component,flare_retention,0.14738414960733986,0.4044326380690017,128,22,1000
guarded_gru,0.05,supplementary_2026,region_component,nonflare_retention,0.35595852323300636,0.4720458512640462,128,126,1000
guarded_gru,0.05,supplementary_2026,region_component,alert_fraction_of_all_flares,0.05634411365061669,0.3253071573456969,128,22,1000
guarded_gru,0.05,supplementary_2026,region_component,false_clear_fraction_of_all_flares,0.024474832318966588,0.156609375902501,128,22,1000
guarded_gru,0.05,supplementary_2026,region_component,deferred_fraction_of_all_flares,0.5955673619309982,0.8526158503926601,128,22,1000
guarded_gru,0.05,supplementary_2026,region_component,false_alert_fraction_of_all_nonflares,0.01630225542061595,0.05042852058921735,128,126,1000
guarded_gru,0.05,supplementary_2026,region_component,false_clear_rate_among_retained_flares,0.08805561617925214,0.684929107589658,128,17,1000
guarded_gru,0.05,supplementary_2026,region_component,false_alert_rate_among_retained_nonflares,0.03674283469233044,0.12575332187166313,128,113,1000
guarded_gru,0.05,supplementary_2026,calendar_7day_UTC,retention,0.3407440238717355,0.4795499789126865,33,33,1000
guarded_gru,0.05,supplementary_2026,calendar_7day_UTC,selective_error,0.04436517076090769,0.13601695154630686,33,33,1000
guarded_gru,0.05,supplementary_2026,calendar_7day_UTC,flare_retention,0.15073104667054799,0.4248398774714564,33,21,1000
guarded_gru,0.05,supplementary_2026,calendar_7day_UTC,nonflare_retention,0.34921330150946656,0.49558730922155,33,33,1000
guarded_gru,0.05,supplementary_2026,calendar_7day_UTC,alert_fraction_of_all_flares,0.07526428975664969,0.36098473646876444,33,21,1000
guarded_gru,0.05,supplementary_2026,calendar_7day_UTC,false_clear_fraction_of_all_flares,0.020487859685464956,0.1616143136565891,33,21,1000
guarded_gru,0.05,supplementary_2026,calendar_7day_UTC,deferred_fraction_of_all_flares,0.5751601225285435,0.849268953329452,33,21,1000
guarded_gru,0.05,supplementary_2026,calendar_7day_UTC,false_alert_fraction_of_all_nonflares,0.011781563376007552,0.05142337602346215,33,33,1000
guarded_gru,0.05,supplementary_2026,calendar_7day_UTC,false_clear_rate_among_retained_flares,0.0651015625,0.6267821229050279,33,15,1000
guarded_gru,0.05,supplementary_2026,calendar_7day_UTC,false_alert_rate_among_retained_nonflares,0.026206998169149197,0.1309146476862783,33,33,1000
guarded_fallback,0.05,policy_validation,region_component,retention,0.34937919346305496,0.465387387889691,313,313,1000
guarded_fallback,0.05,policy_validation,region_component,selective_error,0.03183390900152833,0.0940612799495828,313,145,1000
guarded_fallback,0.05,policy_validation,region_component,flare_retention,0.2644324054764711,0.7488925353925354,313,17,1000
guarded_fallback,0.05,policy_validation,region_component,nonflare_retention,0.3460618283042563,0.4610610901570635,313,309,1000
guarded_fallback,0.05,policy_validation,region_component,alert_fraction_of_all_flares,0.18997749495576594,0.6694486659912191,313,17,1000
guarded_fallback,0.05,policy_validation,region_component,false_clear_fraction_of_all_flares,0.0,0.20599007118771065,313,17,1000
guarded_fallback,0.05,policy_validation,region_component,deferred_fraction_of_all_flares,0.25110746460746464,0.7355675945235287,313,17,1000
guarded_fallback,0.05,policy_validation,region_component,false_alert_fraction_of_all_nonflares,0.011344020789958848,0.03707817901401766,313,309,1000
guarded_fallback,0.05,policy_validation,region_component,false_clear_rate_among_retained_flares,0.0,0.4221267454350158,313,10,1000
guarded_fallback,0.05,policy_validation,region_component,false_alert_rate_among_retained_nonflares,0.028135452234495442,0.0923783208596303,313,141,1000
guarded_fallback,0.05,policy_validation,calendar_7day_UTC,retention,0.31837133950853064,0.4916216863905381,181,181,1000
guarded_fallback,0.05,policy_validation,calendar_7day_UTC,selective_error,0.03581785049383664,0.09233606764727938,181,50,1000
guarded_fallback,0.05,policy_validation,calendar_7day_UTC,flare_retention,0.22815583087683422,0.7553399122807017,181,19,1000
guarded_fallback,0.05,policy_validation,calendar_7day_UTC,nonflare_retention,0.31187965081335933,0.4880992585383892,181,180,1000
guarded_fallback,0.05,policy_validation,calendar_7day_UTC,alert_fraction_of_all_flares,0.15882263266845323,0.6802518337917812,181,19,1000
guarded_fallback,0.05,policy_validation,calendar_7day_UTC,false_clear_fraction_of_all_flares,0.004809170456661082,0.18112818590704638,181,19,1000
guarded_fallback,0.05,policy_validation,calendar_7day_UTC,deferred_fraction_of_all_flares,0.24466008771929826,0.7718441691231658,181,19,1000
guarded_fallback,0.05,policy_validation,calendar_7day_UTC,false_alert_fraction_of_all_nonflares,0.01278694464031494,0.03587731043581015,181,180,1000
guarded_fallback,0.05,policy_validation,calendar_7day_UTC,false_clear_rate_among_retained_flares,0.011043750933253696,0.4169296116504852,181,10,1000
guarded_fallback,0.05,policy_validation,calendar_7day_UTC,false_alert_rate_among_retained_nonflares,0.03327786922995338,0.09033917971866147,181,49,1000
guarded_fallback,0.05,retrospective_cycle25,region_component,retention,0.4561835323051036,0.5116780056900867,943,943,1000
guarded_fallback,0.05,retrospective_cycle25,region_component,selective_error,0.09620761586794924,0.14285422410773024,943,706,1000
guarded_fallback,0.05,retrospective_cycle25,region_component,flare_retention,0.3734878432553892,0.5148786514633774,943,137,1000
guarded_fallback,0.05,retrospective_cycle25,region_component,nonflare_retention,0.460120348450489,0.518838934003312,943,913,1000
guarded_fallback,0.05,retrospective_cycle25,region_component,alert_fraction_of_all_flares,0.2802500336723807,0.4289323329560935,943,137,1000
guarded_fallback,0.05,retrospective_cycle25,region_component,false_clear_fraction_of_all_flares,0.05318650797507849,0.1240686053620991,943,137,1000
guarded_fallback,0.05,retrospective_cycle25,region_component,deferred_fraction_of_all_flares,0.48512134853662253,0.6265121567446107,943,137,1000
guarded_fallback,0.05,retrospective_cycle25,region_component,false_alert_fraction_of_all_nonflares,0.04205731247354191,0.06689783754167207,943,913,1000
guarded_fallback,0.05,retrospective_cycle25,region_component,false_clear_rate_among_retained_flares,0.11674281780349324,0.2819876283275392,943,94,1000
guarded_fallback,0.05,retrospective_cycle25,region_component,false_alert_rate_among_retained_nonflares,0.08669701175944132,0.13635442712640172,943,661,1000
guarded_fallback,0.05,retrospective_cycle25,calendar_7day_UTC,retention,0.44383548778418486,0.5206412025493902,255,255,1000
guarded_fallback,0.05,retrospective_cycle25,calendar_7day_UTC,selective_error,0.09455862927333335,0.14337740761173087,255,215,1000
guarded_fallback,0.05,retrospective_cycle25,calendar_7day_UTC,flare_retention,0.3724703363653793,0.5130191395123136,255,126,1000
guarded_fallback,0.05,retrospective_cycle25,calendar_7day_UTC,nonflare_retention,0.4449330863886671,0.5282897725585171,255,255,1000
guarded_fallback,0.05,retrospective_cycle25,calendar_7day_UTC,alert_fraction_of_all_flares,0.2920243079720466,0.42594645271519377,255,126,1000
guarded_fallback,0.05,retrospective_cycle25,calendar_7day_UTC,false_clear_fraction_of_all_flares,0.05032641168514179,0.12343495918202059,255,126,1000
guarded_fallback,0.05,retrospective_cycle25,calendar_7day_UTC,deferred_fraction_of_all_flares,0.48698086048768646,0.6275296636346207,255,126,1000
guarded_fallback,0.05,retrospective_cycle25,calendar_7day_UTC,false_alert_fraction_of_all_nonflares,0.04252700310917005,0.0663606860525375,255,255,1000
guarded_fallback,0.05,retrospective_cycle25,calendar_7day_UTC,false_clear_rate_among_retained_flares,0.1139553128103277,0.2714700193423597,255,88,1000
guarded_fallback,0.05,retrospective_cycle25,calendar_7day_UTC,false_alert_rate_among_retained_nonflares,0.0862045719417567,0.13665131007058623,255,211,1000
guarded_fallback,0.05,supplementary_2026,region_component,retention,0.38349988714430666,0.4956715156801748,128,128,1000
guarded_fallback,0.05,supplementary_2026,region_component,selective_error,0.06850676194413277,0.17040692266801583,128,121,1000
guarded_fallback,0.05,supplementary_2026,region_component,flare_retention,0.20811253759113127,0.5841096561674788,128,22,1000
guarded_fallback,0.05,supplementary_2026,region_component,nonflare_retention,0.38596737713091905,0.49953438806697253,128,126,1000
guarded_fallback,0.05,supplementary_2026,region_component,alert_fraction_of_all_flares,0.1134689777555005,0.5099258359542789,128,22,1000
guarded_fallback,0.05,supplementary_2026,region_component,false_clear_fraction_of_all_flares,0.02506847617597022,0.16249295306232533,128,22,1000
guarded_fallback,0.05,supplementary_2026,region_component,deferred_fraction_of_all_flares,0.41589034383252116,0.7918874624088688,128,22,1000
guarded_fallback,0.05,supplementary_2026,region_component,false_alert_fraction_of_all_nonflares,0.027037498413561064,0.07224236358041229,128,126,1000
guarded_fallback,0.05,supplementary_2026,region_component,false_clear_rate_among_retained_flares,0.0645742135803726,0.5135977599762643,128,17,1000
guarded_fallback,0.05,supplementary_2026,region_component,false_alert_rate_among_retained_nonflares,0.05825668991532506,0.1647907050260128,128,117,1000
guarded_fallback,0.05,supplementary_2026,calendar_7day_UTC,retention,0.37364479770914344,0.5177291478794434,33,33,1000
guarded_fallback,0.05,supplementary_2026,calendar_7day_UTC,selective_error,0.058544430408146796,0.17602974700829926,33,33,1000
guarded_fallback,0.05,supplementary_2026,calendar_7day_UTC,flare_retention,0.21927892619311876,0.548880557389519,33,21,1000
guarded_fallback,0.05,supplementary_2026,calendar_7day_UTC,nonflare_retention,0.3770241219222927,0.5206976237446886,33,33,1000
guarded_fallback,0.05,supplementary_2026,calendar_7day_UTC,alert_fraction_of_all_flares,0.1350061274509804,0.4783562810370049,33,21,1000
guarded_fallback,0.05,supplementary_2026,calendar_7day_UTC,false_clear_fraction_of_all_flares,0.02226390505966277,0.16782422578209902,33,21,1000
guarded_fallback,0.05,supplementary_2026,calendar_7day_UTC,deferred_fraction_of_all_flares,0.451119442610481,0.7807210738068812,33,21,1000
guarded_fallback,0.05,supplementary_2026,calendar_7day_UTC,false_alert_fraction_of_all_nonflares,0.020315636290646328,0.07952118822109917,33,33,1000
guarded_fallback,0.05,supplementary_2026,calendar_7day_UTC,false_clear_rate_among_retained_flares,0.050657468447148975,0.46991415639144674,33,15,1000
guarded_fallback,0.05,supplementary_2026,calendar_7day_UTC,false_alert_rate_among_retained_nonflares,0.04481848131477511,0.1818413930702066,33,33,1000
