policy,alpha,role,cases,issued,errors,flare_cases,nonflare_cases,flare_issued,nonflare_issued,true_alerts,false_clears,deferred_flares,false_alerts,true_clears,deferred_nonflares,retention,selective_error,flare_retention,nonflare_retention,alert_fraction_of_all_flares,false_clear_fraction_of_all_flares,deferred_fraction_of_all_flares,false_alert_fraction_of_all_nonflares,false_clear_rate_among_retained_flares,false_alert_rate_among_retained_nonflares
gru_singleton,0.1,policy_validation,13142,6606,1266,422,12720,368,6238,333,35,54,1231,5007,6482,0.5026632171663369,0.1916439600363306,0.8720379146919431,0.4904088050314465,0.7890995260663507,0.08293838862559241,0.12796208530805686,0.09677672955974843,0.09510869565217392,0.19733889067008656
gru_singleton,0.1,retrospective_cycle25,35846,22919,3881,3860,31986,2613,20306,2148,465,1247,3416,16890,11680,0.6393739887295654,0.1693354858414416,0.6769430051813472,0.6348402426061401,0.5564766839378238,0.12046632124352331,0.32305699481865285,0.10679672356656036,0.17795637198622274,0.16822614005712597
gru_singleton,0.1,supplementary_2026,11118,6960,1183,992,10126,626,6334,411,215,366,968,5366,3792,0.6260118726389639,0.1699712643678161,0.6310483870967742,0.6255184673118704,0.41431451612903225,0.21673387096774194,0.3689516129032258,0.09559549674106262,0.34345047923322686,0.1528260183138617
supported_gru,0.1,policy_validation,13142,5798,563,422,12720,263,5535,228,35,159,528,5007,7185,0.44118094658347284,0.09710244912038633,0.6232227488151659,0.43514150943396224,0.5402843601895735,0.08293838862559241,0.3767772511848341,0.04150943396226415,0.13307984790874525,0.0953929539295393
supported_gru,0.1,retrospective_cycle25,35846,22388,3463,3860,31986,2500,19888,2035,465,1360,2998,16890,12098,0.6245606204318473,0.1546810791495444,0.6476683937823834,0.6217720252610517,0.5272020725388601,0.12046632124352331,0.35233160621761656,0.0937285062214719,0.186,0.1507441673370877
supported_gru,0.1,supplementary_2026,11118,6960,1183,992,10126,626,6334,411,215,366,968,5366,3792,0.6260118726389639,0.1699712643678161,0.6310483870967742,0.6255184673118704,0.41431451612903225,0.21673387096774194,0.3689516129032258,0.09559549674106262,0.34345047923322686,0.1528260183138617
guarded_gru,0.1,policy_validation,13142,5654,506,422,12720,217,5437,182,35,205,471,4966,7283,0.4302237102419723,0.08949416342412451,0.514218009478673,0.427437106918239,0.4312796208530806,0.08293838862559241,0.48578199052132703,0.03702830188679245,0.16129032258064516,0.0866286555085525
guarded_gru,0.1,retrospective_cycle25,35846,20435,2618,3860,31986,1804,18631,1345,459,2056,2159,16472,13355,0.5700775539809184,0.12811353070712014,0.46735751295336786,0.5824735821922091,0.3484455958549223,0.11891191709844559,0.5326424870466321,0.06749828049771775,0.2544345898004435,0.1158821319306532
guarded_gru,0.1,supplementary_2026,11118,6208,977,992,10126,461,5747,287,174,531,803,4944,4379,0.5583738082388919,0.15737757731958762,0.4647177419354839,0.5675488840608335,0.28931451612903225,0.17540322580645162,0.5352822580645161,0.0793008097965633,0.3774403470715835,0.13972507395162695
guarded_fallback,0.1,policy_validation,13142,5810,580,422,12720,263,5547,226,37,159,543,5004,7173,0.4420940496119312,0.09982788296041308,0.6232227488151659,0.43608490566037733,0.5355450236966824,0.08767772511848342,0.3767772511848341,0.042688679245283016,0.14068441064638784,0.09789075175770687
guarded_fallback,0.1,retrospective_cycle25,35846,22668,3716,3860,31986,2556,20112,2052,504,1304,3212,16900,11874,0.6323718127545612,0.16393153343920946,0.6621761658031088,0.6287750891014819,0.5316062176165803,0.1305699481865285,0.3378238341968912,0.10041893328331145,0.19718309859154928,0.15970564836913287
guarded_fallback,0.1,supplementary_2026,11118,6676,1194,992,10126,595,6081,420,175,397,1019,5062,4045,0.6004677100197877,0.17884961054523668,0.5997983870967742,0.6005332806636382,0.42338709677419356,0.17641129032258066,0.4002016129032258,0.10063203634208967,0.29411764705882354,0.16757112317053116
fallback_q95_q90,0.1,policy_validation,13142,5421,580,422,12720,261,5160,224,37,161,543,4617,7560,0.4124942931060721,0.10699133001291275,0.6184834123222749,0.4056603773584906,0.5308056872037915,0.08767772511848342,0.3815165876777251,0.042688679245283016,0.1417624521072797,0.10523255813953489
fallback_q95_q90,0.1,retrospective_cycle25,35846,19586,3595,3860,31986,2408,17178,1938,470,1452,3125,14053,14808,0.5463929029738325,0.18354947411416317,0.6238341968911917,0.53704745826299,0.5020725388601036,0.12176165803108809,0.3761658031088083,0.09769899330957293,0.1951827242524917,0.18191873326347655
fallback_q95_q90,0.1,supplementary_2026,11118,4860,1086,992,10126,475,4385,392,83,517,1003,3382,5741,0.43712898003237993,0.2234567901234568,0.4788306451612903,0.43304365000987555,0.3951612903225806,0.08366935483870967,0.5211693548387096,0.0990519454868655,0.17473684210526316,0.22873432155074117
fallback_q975_q95,0.1,policy_validation,13142,5701,580,422,12720,261,5440,224,37,161,543,4897,7280,0.4338000304367676,0.10173653744957024,0.6184834123222749,0.4276729559748428,0.5308056872037915,0.08767772511848342,0.3815165876777251,0.042688679245283016,0.1417624521072797,0.09981617647058824
fallback_q975_q95,0.1,retrospective_cycle25,35846,21912,3701,3860,31986,2524,19388,2024,500,1336,3201,16187,12598,0.6112815934832339,0.16890288426433006,0.6538860103626943,0.60614018633152,0.5243523316062176,0.12953367875647667,0.3461139896373057,0.10007503282686175,0.19809825673534073,0.16510212502578914
fallback_q975_q95,0.1,supplementary_2026,11118,5875,1150,992,10126,546,5329,414,132,446,1018,4311,4797,0.5284223781255621,0.19574468085106383,0.5504032258064516,0.5262690104681019,0.4173387096774194,0.13306451612903225,0.4495967741935484,0.10053328066363816,0.24175824175824176,0.19103021204728843
fallback_q995_q975,0.1,policy_validation,13142,5827,580,422,12720,263,5564,226,37,159,543,5021,7156,0.4433876122355806,0.09953663978033293,0.6232227488151659,0.43742138364779876,0.5355450236966824,0.08767772511848342,0.3767772511848341,0.042688679245283016,0.14068441064638784,0.09759166067577282
fallback_q995_q975,0.1,retrospective_cycle25,35846,22913,3738,3860,31986,2572,20341,2067,505,1288,3233,17108,11645,0.6392066060369358,0.16313882948544495,0.666321243523316,0.6359344713312074,0.5354922279792746,0.13082901554404144,0.33367875647668394,0.10107547051835178,0.1963452566096423,0.15894007177621552
fallback_q995_q975,0.1,supplementary_2026,11118,6967,1214,992,10126,615,6352,420,195,377,1019,5333,3774,0.6266414822809858,0.17425003588345056,0.6199596774193549,0.6272960695239976,0.42338709677419356,0.19657258064516128,0.3800403225806452,0.10063203634208967,0.3170731707317073,0.16042191435768263
fallback_q100_q99,0.1,policy_validation,13142,5843,580,422,12720,263,5580,226,37,159,543,5037,7140,0.44460508294019174,0.09926407667294199,0.6232227488151659,0.4386792452830189,0.5355450236966824,0.08767772511848342,0.3767772511848341,0.042688679245283016,0.14068441064638784,0.09731182795698924
fallback_q100_q99,0.1,retrospective_cycle25,35846,23154,3759,3860,31986,2599,20555,2090,509,1261,3250,17305,11431,0.6459298108575573,0.1623477584866546,0.6733160621761658,0.6426248983930469,0.5414507772020726,0.13186528497409328,0.3266839378238342,0.10160695304195586,0.19584455559830705,0.15811238141571393
fallback_q100_q99,0.1,supplementary_2026,11118,7139,1234,992,10126,635,6504,420,215,357,1019,5485,3622,0.6421118906278107,0.17285334080403417,0.6401209677419355,0.6423069326486273,0.42338709677419356,0.21673387096774194,0.3598790322580645,0.10063203634208967,0.33858267716535434,0.15667281672816727
gru_singleton,0.05,policy_validation,13142,5792,678,422,12720,311,5481,279,32,111,646,4835,7239,0.44072439506924366,0.11705801104972376,0.7369668246445498,0.43089622641509434,0.6611374407582938,0.07582938388625593,0.26303317535545023,0.05078616352201258,0.10289389067524116,0.11786170406860062
gru_singleton,0.05,retrospective_cycle25,35846,17420,2204,3860,31986,1752,15668,1445,307,2108,1897,13771,16318,0.48596775093455336,0.12652123995407577,0.4538860103626943,0.4898393046958044,0.3743523316062176,0.07953367875647668,0.5461139896373057,0.05930719689864316,0.1752283105022831,0.12107480214449834
gru_singleton,0.05,supplementary_2026,11118,5091,559,992,10126,408,4683,297,111,584,448,4235,5443,0.45790609821910416,0.10980161068552348,0.4112903225806452,0.4624728421884258,0.29939516129032256,0.11189516129032258,0.5887096774193549,0.04424254394627691,0.27205882352941174,0.09566517189835576
supported_gru,0.05,policy_validation,13142,5327,307,422,12720,217,5110,185,32,205,275,4835,7610,0.4053416527164815,0.05763093673737563,0.514218009478673,0.40172955974842767,0.43838862559241704,0.07582938388625593,0.48578199052132703,0.02161949685534591,0.14746543778801843,0.053816046966731895
supported_gru,0.05,retrospective_cycle25,35846,17098,1955,3860,31986,1679,15419,1372,307,2181,1648,13771,16567,0.47698487976343246,0.11434085857995087,0.4349740932642487,0.48205464890889765,0.35544041450777203,0.07953367875647668,0.5650259067357513,0.05152254111173638,0.18284693269803454,0.10688112069524612
supported_gru,0.05,supplementary_2026,11118,5091,559,992,10126,408,4683,297,111,584,448,4235,5443,0.45790609821910416,0.10980161068552348,0.4112903225806452,0.4624728421884258,0.29939516129032256,0.11189516129032258,0.5887096774193549,0.04424254394627691,0.27205882352941174,0.09566517189835576
guarded_gru,0.05,policy_validation,13142,5199,257,422,12720,173,5026,141,32,249,225,4801,7694,0.39560188707959215,0.04943258318907482,0.4099526066350711,0.395125786163522,0.3341232227488152,0.07582938388625593,0.590047393364929,0.01768867924528302,0.18497109826589594,0.044767210505372065
guarded_gru,0.05,retrospective_cycle25,35846,15617,1375,3860,31986,1162,14455,860,302,2698,1073,13382,17531,0.43566925179936394,0.08804507908048921,0.3010362694300518,0.4519164634527606,0.22279792746113988,0.07823834196891191,0.6989637305699482,0.033545926342774965,0.25989672977624784,0.07423037011414735
guarded_gru,0.05,supplementary_2026,11118,4459,398,992,10126,277,4182,192,85,715,313,3869,5944,0.4010613419679799,0.08925768109441579,0.27923387096774194,0.41299624728421885,0.1935483870967742,0.08568548387096774,0.7207661290322581,0.03091052735532293,0.30685920577617326,0.07484457197513152
guarded_fallback,0.05,policy_validation,13142,5350,328,422,12720,218,5132,186,32,204,296,4836,7588,0.40709176685436005,0.06130841121495327,0.5165876777251185,0.40345911949685537,0.44075829383886256,0.07582938388625593,0.4834123222748815,0.023270440251572325,0.14678899082568808,0.05767731878409977
guarded_fallback,0.05,retrospective_cycle25,35846,17353,2069,3860,31986,1718,15635,1382,336,2142,1733,13902,16351,0.4840986442001897,0.11923010430473117,0.4450777202072539,0.48880760332645534,0.35803108808290157,0.08704663212435233,0.5549222797927461,0.05417995372975677,0.19557625145518046,0.11084106172049889
guarded_fallback,0.05,supplementary_2026,11118,4877,567,992,10126,403,4474,314,89,589,478,3996,5652,0.4386580320201475,0.11625999589911831,0.40625,0.44183290539206005,0.3165322580645161,0.08971774193548387,0.59375,0.04720521429982224,0.22084367245657568,0.10683951721054985
fallback_q95_q90,0.05,policy_validation,13142,4954,323,422,12720,215,4739,183,32,207,291,4448,7981,0.37695936691523363,0.06519983851433185,0.509478672985782,0.372562893081761,0.43364928909952605,0.07582938388625593,0.490521327014218,0.022877358490566036,0.14883720930232558,0.06140535978054442
fallback_q95_q90,0.05,retrospective_cycle25,35846,14423,1949,3860,31986,1568,12855,1257,311,2292,1638,11217,19131,0.4023600959660771,0.1351313873673993,0.40621761658031086,0.40189457887825925,0.3256476683937824,0.0805699481865285,0.5937823834196891,0.051209904333145755,0.19834183673469388,0.12742123687281215
fallback_q95_q90,0.05,supplementary_2026,11118,3364,502,992,10126,324,3040,289,35,668,467,2573,7086,0.30257240510883254,0.1492271105826397,0.32661290322580644,0.30021726249259334,0.2913306451612903,0.03528225806451613,0.6733870967741935,0.046118901836855616,0.10802469135802469,0.15361842105263157
fallback_q975_q95,0.05,policy_validation,13142,5241,328,422,12720,216,5025,184,32,206,296,4729,7695,0.39879774767919646,0.06258347643579469,0.5118483412322274,0.39504716981132076,0.43601895734597157,0.07582938388625593,0.4881516587677725,0.023270440251572325,0.14814814814814814,0.05890547263681592
fallback_q975_q95,0.05,retrospective_cycle25,35846,16629,2063,3860,31986,1687,14942,1354,333,2173,1730,13212,17044,0.4639011326228868,0.12406037645077876,0.43704663212435235,0.4671418745701244,0.3507772020725389,0.08626943005181348,0.5629533678756476,0.05408616269617958,0.1973918197984588,0.11578101994378262
fallback_q975_q95,0.05,supplementary_2026,11118,4212,537,992,10126,367,3845,308,59,625,478,3367,6281,0.3788451160280626,0.1274928774928775,0.3699596774193548,0.3797155836460597,0.31048387096774194,0.059475806451612906,0.6300403225806451,0.04720521429982224,0.16076294277929154,0.12431729518855657
fallback_q995_q975,0.05,policy_validation,13142,5368,329,422,12720,218,5150,186,32,204,297,4853,7570,0.4084614213970476,0.061289120715350226,0.5165876777251185,0.404874213836478,0.44075829383886256,0.07582938388625593,0.4834123222748815,0.023349056603773583,0.14678899082568808,0.05766990291262136
fallback_q995_q975,0.05,retrospective_cycle25,35846,17619,2109,3860,31986,1744,15875,1407,337,2116,1772,14103,16111,0.49151927690676783,0.11970032351438788,0.45181347150259066,0.4963108860126305,0.3645077720207254,0.08730569948186528,0.5481865284974093,0.05539923716626024,0.19323394495412843,0.11162204724409448
fallback_q995_q975,0.05,supplementary_2026,11118,5126,576,992,10126,409,4717,314,95,583,481,4236,5409,0.4610541464292139,0.11236831837690207,0.4122983870967742,0.4658305352557772,0.3165322580645161,0.09576612903225806,0.5877016129032258,0.04750148133517677,0.23227383863080683,0.10197159211363155
fallback_q100_q99,0.05,policy_validation,13142,5385,330,422,12720,218,5167,186,32,204,298,4869,7553,0.409754984020697,0.06128133704735376,0.5165876777251185,0.40621069182389935,0.44075829383886256,0.07582938388625593,0.4834123222748815,0.02342767295597484,0.14678899082568808,0.05767369847106638
fallback_q100_q99,0.05,retrospective_cycle25,35846,17868,2139,3860,31986,1774,16094,1433,341,2086,1798,14296,15892,0.4984656586508955,0.1197112155809268,0.4595854922279793,0.5031576314637654,0.3712435233160622,0.0883419689119171,0.5404145077720207,0.056212092790595886,0.19222096956031567,0.1117186529141295
fallback_q100_q99,0.05,supplementary_2026,11118,5286,597,992,10126,427,4859,314,113,565,484,4375,5267,0.4754452239611441,0.11293984108967083,0.43044354838709675,0.4798538415958918,0.3165322580645161,0.11391129032258064,0.5695564516129032,0.04779774837053131,0.2646370023419204,0.0996089730397201
