policy,alpha,role,reason,cases,flare_cases
guarded_fallback,0.1,policy_validation,ambiguous_gru_set,119,0
guarded_fallback,0.1,policy_validation,checks_passed,5654,217
guarded_fallback,0.1,policy_validation,conflicting_singletons,16,2
guarded_fallback,0.1,policy_validation,feature_distance_flag,34,0
guarded_fallback,0.1,policy_validation,insufficient_calibration_support,7163,157
guarded_fallback,0.1,policy_validation,logistic_fallback_candidate,156,46
guarded_fallback,0.1,retrospective_cycle25,ambiguous_gru_set,9264,1071
guarded_fallback,0.1,retrospective_cycle25,checks_passed,20435,1804
guarded_fallback,0.1,retrospective_cycle25,conflicting_singletons,3,0
guarded_fallback,0.1,retrospective_cycle25,empty_gru_set,29,3
guarded_fallback,0.1,retrospective_cycle25,feature_distance_flag,442,9
guarded_fallback,0.1,retrospective_cycle25,insufficient_calibration_support,3112,119
guarded_fallback,0.1,retrospective_cycle25,logistic_fallback_candidate,2233,752
guarded_fallback,0.1,retrospective_cycle25,seed_disagreement,328,102
guarded_fallback,0.1,supplementary_2026,ambiguous_gru_set,3930,345
guarded_fallback,0.1,supplementary_2026,checks_passed,6208,461
guarded_fallback,0.1,supplementary_2026,feature_distance_flag,510,50
guarded_fallback,0.1,supplementary_2026,logistic_fallback_candidate,468,134
guarded_fallback,0.1,supplementary_2026,seed_disagreement,2,2
guarded_fallback,0.05,policy_validation,ambiguous_gru_set,593,47
guarded_fallback,0.05,policy_validation,checks_passed,5199,173
guarded_fallback,0.05,policy_validation,feature_distance_flag,34,0
guarded_fallback,0.05,policy_validation,insufficient_calibration_support,7163,157
guarded_fallback,0.05,policy_validation,logistic_fallback_candidate,151,45
guarded_fallback,0.05,policy_validation,seed_disagreement,2,0
guarded_fallback,0.05,retrospective_cycle25,ambiguous_gru_set,14154,1736
guarded_fallback,0.05,retrospective_cycle25,checks_passed,15617,1162
guarded_fallback,0.05,retrospective_cycle25,feature_distance_flag,442,9
guarded_fallback,0.05,retrospective_cycle25,insufficient_calibration_support,3112,119
guarded_fallback,0.05,retrospective_cycle25,logistic_fallback_candidate,1736,556
guarded_fallback,0.05,retrospective_cycle25,seed_disagreement,785,278
guarded_fallback,0.05,supplementary_2026,ambiguous_gru_set,5699,529
guarded_fallback,0.05,supplementary_2026,checks_passed,4459,277
guarded_fallback,0.05,supplementary_2026,feature_distance_flag,510,50
guarded_fallback,0.05,supplementary_2026,logistic_fallback_candidate,418,126
guarded_fallback,0.05,supplementary_2026,seed_disagreement,32,10
