policy,alpha,role,year,cases,issued,errors,flare_cases,nonflare_cases,flare_issued,nonflare_issued,true_alerts,false_clears,deferred_flares,false_alerts,true_clears,deferred_nonflares,retention,selective_error,flare_retention,nonflare_retention,alert_fraction_of_all_flares,false_clear_fraction_of_all_flares,deferred_fraction_of_all_flares,false_alert_fraction_of_all_nonflares,false_clear_rate_among_retained_flares,false_alert_rate_among_retained_nonflares
gru_singleton,0.1,policy_validation,2015,3596,3544,312,216,3380,215,3329,180,35,1,277,3052,51,0.985539488320356,0.08803611738148984,0.9953703703703703,0.9849112426035503,0.8333333333333334,0.16203703703703703,0.004629629629629629,0.08195266272189348,0.16279069767441862,0.08320817062180835
gru_singleton,0.1,policy_validation,2016,5052,2430,508,54,4998,47,2383,47,0,7,508,1875,2615,0.4809976247030879,0.20905349794238684,0.8703703703703703,0.4767907162865146,0.8703703703703703,0.0,0.12962962962962962,0.101640656262505,0.0,0.2131766680654637
gru_singleton,0.1,policy_validation,2017,2518,433,247,142,2376,106,327,106,0,36,247,80,2049,0.17196187450357425,0.5704387990762124,0.7464788732394366,0.13762626262626262,0.7464788732394366,0.0,0.2535211267605634,0.10395622895622895,0.0,0.7553516819571865
gru_singleton,0.1,policy_validation,2018,1213,125,125,0,1213,0,125,0,0,0,125,0,1088,0.10305028854080792,1.0,,0.10305028854080792,,,,0.10305028854080792,,1.0
gru_singleton,0.1,policy_validation,2019,763,74,74,10,753,0,74,0,0,10,74,0,679,0.09698558322411534,1.0,0.0,0.09827357237715803,0.0,0.0,1.0,0.09827357237715803,,1.0
gru_singleton,0.1,retrospective_cycle25,2021,4351,1741,526,188,4163,179,1562,150,29,9,497,1065,2601,0.40013789933348654,0.30212521539345205,0.9521276595744681,0.37521018496276726,0.7978723404255319,0.15425531914893617,0.047872340425531915,0.11938505885178957,0.16201117318435754,0.3181818181818182
gru_singleton,0.1,retrospective_cycle25,2022,7639,4970,912,707,6932,459,4511,329,130,248,782,3729,2421,0.6506087184186412,0.1835010060362173,0.6492220650636492,0.6507501442585113,0.46534653465346537,0.18387553041018387,0.3507779349363508,0.11281015579919215,0.28322440087145967,0.1733540234981157
gru_singleton,0.1,retrospective_cycle25,2023,9211,4575,1008,1074,8137,643,3932,506,137,431,871,3061,4205,0.4966887417218543,0.22032786885245903,0.5986964618249534,0.4832247757158658,0.47113594040968343,0.12756052141527002,0.40130353817504655,0.10704190733685634,0.2130637636080871,0.22151576805696846
gru_singleton,0.1,retrospective_cycle25,2024,7072,5600,915,1259,5813,1005,4595,902,103,254,812,3783,1218,0.7918552036199095,0.16339285714285715,0.7982525814138205,0.7904696370204713,0.716441620333598,0.0818109610802224,0.2017474185861795,0.13968690865301908,0.10248756218905472,0.17671381936887923
gru_singleton,0.1,retrospective_cycle25,2025,7573,6033,520,632,6941,327,5706,261,66,305,454,5252,1235,0.7966459791364057,0.08619260732637163,0.5174050632911392,0.822071747586803,0.4129746835443038,0.10443037974683544,0.4825949367088608,0.06540844258752342,0.2018348623853211,0.07956536978618997
gru_singleton,0.1,supplementary_2026,2026,11118,6960,1183,992,10126,626,6334,411,215,366,968,5366,3792,0.6260118726389639,0.1699712643678161,0.6310483870967742,0.6255184673118704,0.41431451612903225,0.21673387096774194,0.3689516129032258,0.09559549674106262,0.34345047923322686,0.1528260183138617
guarded_fallback,0.1,policy_validation,2015,3596,3544,323,216,3380,214,3330,178,36,2,287,3043,50,0.985539488320356,0.09113995485327314,0.9907407407407407,0.985207100591716,0.8240740740740741,0.16666666666666666,0.009259259259259259,0.08491124260355029,0.16822429906542055,0.08618618618618619
guarded_fallback,0.1,policy_validation,2016,5052,2176,250,54,4998,47,2129,46,1,7,249,1880,2869,0.4307205067300079,0.11488970588235294,0.8703703703703703,0.4259703881552621,0.8518518518518519,0.018518518518518517,0.12962962962962962,0.04981992797118848,0.02127659574468085,0.11695631751996242
guarded_fallback,0.1,policy_validation,2017,2518,90,7,142,2376,2,88,2,0,140,7,81,2288,0.035742652899126294,0.07777777777777778,0.014084507042253521,0.037037037037037035,0.014084507042253521,0.0,0.9859154929577465,0.002946127946127946,0.0,0.07954545454545454
guarded_fallback,0.1,policy_validation,2018,1213,0,0,0,1213,0,0,0,0,0,0,0,1213,0.0,,,0.0,,,,0.0,,
guarded_fallback,0.1,policy_validation,2019,763,0,0,10,753,0,0,0,0,10,0,0,753,0.0,,0.0,0.0,0.0,0.0,1.0,0.0,,
guarded_fallback,0.1,retrospective_cycle25,2021,4351,1201,108,188,4163,66,1135,37,29,122,79,1056,3028,0.2760284991955872,0.08992506244796003,0.35106382978723405,0.27263992313235647,0.19680851063829788,0.15425531914893617,0.648936170212766,0.01897669949555609,0.4393939393939394,0.06960352422907488
guarded_fallback,0.1,retrospective_cycle25,2022,7639,5066,972,707,6932,476,4590,341,135,231,837,3753,2342,0.6631758083518785,0.19186735096723254,0.6732673267326733,0.6621465666474322,0.4823196605374823,0.19094766619519093,0.32673267326732675,0.12074437391806117,0.28361344537815125,0.18235294117647058
guarded_fallback,0.1,retrospective_cycle25,2023,9211,4749,1067,1074,8137,678,4071,529,149,396,918,3153,4066,0.5155791987840626,0.22467887976416087,0.6312849162011173,0.5003072385400025,0.4925512104283054,0.1387337057728119,0.3687150837988827,0.11281799188890254,0.21976401179941002,0.22549742078113486
guarded_fallback,0.1,retrospective_cycle25,2024,7072,5616,981,1259,5813,1010,4606,909,101,249,880,3726,1207,0.7941176470588235,0.17467948717948717,0.8022239872915012,0.7923619473593669,0.7220015885623511,0.08022239872915012,0.19777601270849882,0.1513848271116463,0.1,0.1910551454624403
guarded_fallback,0.1,retrospective_cycle25,2025,7573,6036,588,632,6941,326,5710,236,90,306,498,5212,1231,0.7970421233328931,0.09741550695825049,0.5158227848101266,0.8226480334245786,0.37341772151898733,0.14240506329113925,0.48417721518987344,0.07174758680305432,0.27607361963190186,0.087215411558669
guarded_fallback,0.1,supplementary_2026,2026,11118,6676,1194,992,10126,595,6081,420,175,397,1019,5062,4045,0.6004677100197877,0.17884961054523668,0.5997983870967742,0.6005332806636382,0.42338709677419356,0.17641129032258066,0.4002016129032258,0.10063203634208967,0.29411764705882354,0.16757112317053116
gru_singleton,0.05,policy_validation,2015,3596,3296,184,216,3380,194,3102,162,32,22,152,2950,278,0.9165739710789766,0.055825242718446605,0.8981481481481481,0.9177514792899408,0.75,0.14814814814814814,0.10185185185185185,0.04497041420118343,0.16494845360824742,0.049000644745325596
gru_singleton,0.05,policy_validation,2016,5052,2095,245,54,4998,21,2074,21,0,33,245,1829,2924,0.4146872525732383,0.11694510739856802,0.3888888888888889,0.41496598639455784,0.3888888888888889,0.0,0.6111111111111112,0.049019607843137254,0.0,0.11812921890067503
gru_singleton,0.05,policy_validation,2017,2518,300,148,142,2376,96,204,96,0,46,148,56,2172,0.11914217633042097,0.49333333333333335,0.676056338028169,0.08585858585858586,0.676056338028169,0.0,0.323943661971831,0.06228956228956229,0.0,0.7254901960784313
gru_singleton,0.05,policy_validation,2018,1213,68,68,0,1213,0,68,0,0,0,68,0,1145,0.05605935696619951,1.0,,0.05605935696619951,,,,0.05605935696619951,,1.0
gru_singleton,0.05,policy_validation,2019,763,33,33,10,753,0,33,0,0,10,33,0,720,0.04325032765399738,1.0,0.0,0.043824701195219126,0.0,0.0,1.0,0.043824701195219126,,1.0
gru_singleton,0.05,retrospective_cycle25,2021,4351,1454,309,188,4163,109,1345,77,32,79,277,1068,2818,0.33417605148241786,0.2125171939477304,0.5797872340425532,0.3230843141964929,0.4095744680851064,0.1702127659574468,0.42021276595744683,0.06653855392745617,0.29357798165137616,0.20594795539033459
gru_singleton,0.05,retrospective_cycle25,2022,7639,3703,512,707,6932,312,3391,216,96,395,416,2975,3541,0.4847493127372693,0.13826627059141236,0.44130127298444133,0.4891806116560877,0.3055162659123055,0.13578500707213578,0.5586987270155587,0.06001154068090017,0.3076923076923077,0.12267767620171041
gru_singleton,0.05,retrospective_cycle25,2023,9211,2923,542,1074,8137,393,2530,310,83,681,459,2071,5607,0.31733796547606125,0.1854259322613753,0.3659217877094972,0.3109254024824874,0.2886405959031657,0.07728119180633147,0.6340782122905028,0.05640899594445127,0.21119592875318066,0.18142292490118578
gru_singleton,0.05,retrospective_cycle25,2024,7072,4513,527,1259,5813,803,3710,734,69,456,458,3252,2103,0.6381504524886877,0.11677376467981387,0.6378077839555203,0.6382246688456907,0.5830023828435266,0.05480540111199365,0.36219221604447976,0.07878892138310684,0.0859277708592777,0.1234501347708895
gru_singleton,0.05,retrospective_cycle25,2025,7573,4827,314,632,6941,135,4692,108,27,497,287,4405,2249,0.637396012148422,0.06505075616324839,0.21360759493670886,0.6759832877107045,0.17088607594936708,0.04272151898734177,0.7863924050632911,0.041348508860394755,0.2,0.061167945439045183
gru_singleton,0.05,supplementary_2026,2026,11118,5091,559,992,10126,408,4683,297,111,584,448,4235,5443,0.45790609821910416,0.10980161068552348,0.4112903225806452,0.4624728421884258,0.29939516129032256,0.11189516129032258,0.5887096774193549,0.04424254394627691,0.27205882352941174,0.09566517189835576
guarded_fallback,0.05,policy_validation,2015,3596,3300,185,216,3380,195,3105,163,32,21,153,2952,275,0.917686318131257,0.05606060606060606,0.9027777777777778,0.9186390532544378,0.7546296296296297,0.14814814814814814,0.09722222222222222,0.04526627218934911,0.1641025641025641,0.04927536231884058
guarded_fallback,0.05,policy_validation,2016,5052,1983,143,54,4998,21,1962,21,0,33,143,1819,3036,0.39251781472684083,0.07211296016137166,0.3888888888888889,0.39255702280912363,0.3888888888888889,0.0,0.6111111111111112,0.028611444577831133,0.0,0.0728848114169215
guarded_fallback,0.05,policy_validation,2017,2518,67,0,142,2376,2,65,2,0,140,0,65,2311,0.02660841938046068,0.0,0.014084507042253521,0.027356902356902357,0.014084507042253521,0.0,0.9859154929577465,0.0,0.0,0.0
guarded_fallback,0.05,policy_validation,2018,1213,0,0,0,1213,0,0,0,0,0,0,0,1213,0.0,,,0.0,,,,0.0,,
guarded_fallback,0.05,policy_validation,2019,763,0,0,10,753,0,0,0,0,10,0,0,753,0.0,,0.0,0.0,0.0,0.0,1.0,0.0,,
guarded_fallback,0.05,retrospective_cycle25,2021,4351,1129,59,188,4163,38,1091,6,32,150,27,1064,3072,0.25948057917720063,0.05225863596102746,0.20212765957446807,0.2620706221474898,0.031914893617021274,0.1702127659574468,0.7978723404255319,0.006485707422531828,0.8421052631578947,0.02474793767186068
guarded_fallback,0.05,retrospective_cycle25,2022,7639,3756,545,707,6932,329,3427,232,97,378,448,2979,3505,0.4916873936379107,0.14510117145899892,0.46534653465346537,0.4943739180611656,0.32814710042432815,0.1371994342291372,0.5346534653465347,0.06462781304096941,0.2948328267477204,0.13072658301721624
guarded_fallback,0.05,retrospective_cycle25,2023,9211,3182,578,1074,8137,418,2764,313,105,656,473,2291,5373,0.34545651937900335,0.1816467630421119,0.3891992551210428,0.33968292982671744,0.2914338919925512,0.09776536312849161,0.6108007448789572,0.05812953176846503,0.2511961722488038,0.1711287988422576
guarded_fallback,0.05,retrospective_cycle25,2024,7072,4508,556,1259,5813,794,3714,726,68,465,488,3226,2099,0.6374434389140271,0.1233362910381544,0.630659253375695,0.6389127816961981,0.5766481334392375,0.054011119936457505,0.369340746624305,0.08394976776191296,0.08564231738035265,0.13139472267097468
guarded_fallback,0.05,retrospective_cycle25,2025,7573,4778,331,632,6941,139,4639,105,34,493,297,4342,2302,0.6309256569391258,0.06927584763499373,0.2199367088607595,0.6683475003601786,0.1661392405063291,0.05379746835443038,0.7800632911392406,0.042789223454833596,0.2446043165467626,0.0640224186247036
guarded_fallback,0.05,supplementary_2026,2026,11118,4877,567,992,10126,403,4474,314,89,589,478,3996,5652,0.4386580320201475,0.11625999589911831,0.40625,0.44183290539206005,0.3165322580645161,0.08971774193548387,0.59375,0.04720521429982224,0.22084367245657568,0.10683951721054985
