role,model,method,alpha,year,grouping,population,cases,groups,groups_with_class,coverage,low,high,valid_repetitions,interval_status
retrospective_cycle25,gru,pooled,0.1,all,region_component,all,35846,943,943,0.8642526362774089,0.8441477747797413,0.8816126234029223,1000,conditional_cluster_percentile
retrospective_cycle25,gru,pooled,0.1,all,region_component,nonflare,31986,943,913,0.9532920652785594,0.9415646156654062,0.9638699638028763,1000,conditional_cluster_percentile
retrospective_cycle25,gru,pooled,0.1,all,region_component,flare,3860,943,137,0.12642487046632125,0.07497103164973161,0.1791418989799946,1000,conditional_cluster_percentile
retrospective_cycle25,gru,pooled,0.1,2021,region_component,all,4351,101,101,0.933118823259021,0.8831925071606053,0.9731161191690324,1000,conditional_cluster_percentile
retrospective_cycle25,gru,pooled,0.1,2021,region_component,nonflare,4163,101,101,0.971414845063656,0.9361484612763038,0.994357928662449,1000,conditional_cluster_percentile
retrospective_cycle25,gru,pooled,0.1,2021,region_component,flare,188,101,8,0.0851063829787234,0.0,0.18604651162790697,1000,conditional_cluster_percentile
retrospective_cycle25,gru,pooled,0.1,2022,region_component,all,7639,185,185,0.8866343762272548,0.8482463430128785,0.9216014234978916,1000,conditional_cluster_percentile
retrospective_cycle25,gru,pooled,0.1,2022,region_component,nonflare,6932,185,182,0.9684073860357761,0.9479970456687289,0.9851979938611796,1000,conditional_cluster_percentile
retrospective_cycle25,gru,pooled,0.1,2022,region_component,flare,707,185,25,0.08486562942008487,0.00967702976468755,0.16604578647193644,1000,conditional_cluster_percentile
retrospective_cycle25,gru,pooled,0.1,2023,region_component,all,9211,219,219,0.8452936706112257,0.8028155415242402,0.882933739871332,1000,conditional_cluster_percentile
retrospective_cycle25,gru,pooled,0.1,2023,region_component,nonflare,8137,219,211,0.9469091802875753,0.9186808633963914,0.970225532800888,1000,conditional_cluster_percentile
retrospective_cycle25,gru,pooled,0.1,2023,region_component,flare,1074,219,40,0.07541899441340782,0.02064869879238657,0.141529367356183,1000,conditional_cluster_percentile
retrospective_cycle25,gru,pooled,0.1,2024,region_component,all,7072,206,206,0.8055712669683258,0.7480321723910471,0.8539715428003415,1000,conditional_cluster_percentile
retrospective_cycle25,gru,pooled,0.1,2024,region_component,nonflare,5813,206,192,0.9275761224840874,0.8840714134500484,0.9592501960245414,1000,conditional_cluster_percentile
retrospective_cycle25,gru,pooled,0.1,2024,region_component,flare,1259,206,40,0.24225575853852263,0.1205702701655419,0.37990504193579483,1000,conditional_cluster_percentile
retrospective_cycle25,gru,pooled,0.1,2025,region_component,all,7573,237,237,0.879968308464281,0.8401469190903992,0.9175583711593636,1000,conditional_cluster_percentile
retrospective_cycle25,gru,pooled,0.1,2025,region_component,nonflare,6941,237,231,0.9563463477885031,0.9316676716598962,0.9755989983471732,1000,conditional_cluster_percentile
retrospective_cycle25,gru,pooled,0.1,2025,region_component,flare,632,237,25,0.04113924050632911,0.0,0.09273817496341492,1000,conditional_cluster_percentile
retrospective_cycle25,gru,pooled,0.1,all,calendar_7day_UTC,all,35846,255,255,0.8642526362774089,0.84350955794166,0.8833482957008923,1000,conditional_cluster_percentile
retrospective_cycle25,gru,pooled,0.1,all,calendar_7day_UTC,nonflare,31986,255,255,0.9532920652785594,0.9424350147472731,0.9639792098952148,1000,conditional_cluster_percentile
retrospective_cycle25,gru,pooled,0.1,all,calendar_7day_UTC,flare,3860,255,126,0.12642487046632125,0.07809941347076518,0.17570803879980862,1000,conditional_cluster_percentile
supplementary_2026,gru,pooled,0.1,all,region_component,all,11118,128,128,0.9089764346105415,0.8694547113328702,0.9418767155697608,1000,conditional_cluster_percentile
supplementary_2026,gru,pooled,0.1,all,region_component,nonflare,10126,128,126,0.9861742050167884,0.9762929741509464,0.9932940710596131,1000,conditional_cluster_percentile
supplementary_2026,gru,pooled,0.1,all,region_component,flare,992,128,22,0.12096774193548387,0.0047794882463074685,0.23806437945419778,1000,conditional_cluster_percentile
supplementary_2026,gru,pooled,0.1,2026,region_component,all,11118,128,128,0.9089764346105415,0.8694547113328702,0.9418767155697608,1000,conditional_cluster_percentile
supplementary_2026,gru,pooled,0.1,2026,region_component,nonflare,10126,128,126,0.9861742050167884,0.9762929741509464,0.9932940710596131,1000,conditional_cluster_percentile
supplementary_2026,gru,pooled,0.1,2026,region_component,flare,992,128,22,0.12096774193548387,0.0047794882463074685,0.23806437945419778,1000,conditional_cluster_percentile
supplementary_2026,gru,pooled,0.1,all,calendar_7day_UTC,all,11118,33,33,0.9089764346105415,0.8741981655140318,0.9411478470796742,1000,conditional_cluster_percentile
supplementary_2026,gru,pooled,0.1,all,calendar_7day_UTC,nonflare,10126,33,33,0.9861742050167884,0.9742369207357062,0.9953875184336781,1000,conditional_cluster_percentile
supplementary_2026,gru,pooled,0.1,all,calendar_7day_UTC,flare,992,33,21,0.12096774193548387,0.014242709158089206,0.24054338216721396,1000,conditional_cluster_percentile
retrospective_cycle25,gru,pooled,0.05,all,region_component,all,35846,943,943,0.923087652736707,0.9085032405090432,0.9367265751739874,1000,conditional_cluster_percentile
retrospective_cycle25,gru,pooled,0.05,all,region_component,nonflare,31986,943,913,0.9904958419308447,0.9846883671873388,0.9952001260135188,1000,conditional_cluster_percentile
retrospective_cycle25,gru,pooled,0.05,all,region_component,flare,3860,943,137,0.3645077720207254,0.2962882537691297,0.439251792360442,1000,conditional_cluster_percentile
retrospective_cycle25,gru,pooled,0.05,all,calendar_7day_UTC,all,35846,255,255,0.923087652736707,0.9084645884249682,0.9359121200232218,1000,conditional_cluster_percentile
retrospective_cycle25,gru,pooled,0.05,all,calendar_7day_UTC,nonflare,31986,255,255,0.9904958419308447,0.9853999815156961,0.9946109864829349,1000,conditional_cluster_percentile
retrospective_cycle25,gru,pooled,0.05,all,calendar_7day_UTC,flare,3860,255,126,0.3645077720207254,0.2960423711742118,0.42835113638888866,1000,conditional_cluster_percentile
supplementary_2026,gru,pooled,0.05,all,region_component,all,11118,128,128,0.9311926605504587,0.9001802511740842,0.9597943968396846,1000,conditional_cluster_percentile
supplementary_2026,gru,pooled,0.05,all,region_component,nonflare,10126,128,126,0.9970373296464546,0.9927545813090322,1.0,1000,conditional_cluster_percentile
supplementary_2026,gru,pooled,0.05,all,region_component,flare,992,128,22,0.2590725806451613,0.09429259359739556,0.4155134193556084,1000,conditional_cluster_percentile
supplementary_2026,gru,pooled,0.05,all,calendar_7day_UTC,all,11118,33,33,0.9311926605504587,0.9045819691530856,0.9546880604855725,1000,conditional_cluster_percentile
supplementary_2026,gru,pooled,0.05,all,calendar_7day_UTC,nonflare,10126,33,33,0.9970373296464546,0.9910621069646965,1.0,1000,conditional_cluster_percentile
supplementary_2026,gru,pooled,0.05,all,calendar_7day_UTC,flare,992,33,21,0.2590725806451613,0.09689317793495796,0.402127258444619,1000,conditional_cluster_percentile
retrospective_cycle25,gru,class_conditional,0.1,all,region_component,all,35846,943,943,0.829130167940635,0.8082479171571422,0.8483472232729673,1000,conditional_cluster_percentile
retrospective_cycle25,gru,class_conditional,0.1,all,region_component,nonflare,31986,943,913,0.8404614518851998,0.8187066638922881,0.8608087141365968,1000,conditional_cluster_percentile
retrospective_cycle25,gru,class_conditional,0.1,all,region_component,flare,3860,943,137,0.7352331606217617,0.673653922809122,0.7944722113743206,1000,conditional_cluster_percentile
retrospective_cycle25,gru,class_conditional,0.1,2021,region_component,all,4351,101,101,0.9142725810158584,0.8584032042379698,0.9576258131991822,1000,conditional_cluster_percentile
retrospective_cycle25,gru,class_conditional,0.1,2021,region_component,nonflare,4163,101,101,0.9173672832092241,0.8617787057486135,0.9616832832522131,1000,conditional_cluster_percentile
retrospective_cycle25,gru,class_conditional,0.1,2021,region_component,flare,188,101,8,0.8457446808510638,0.6389602074988509,0.9939412084921067,1000,conditional_cluster_percentile
retrospective_cycle25,gru,class_conditional,0.1,2022,region_component,all,7639,185,185,0.8408168608456604,0.7939752504456602,0.8836820320979073,1000,conditional_cluster_percentile
retrospective_cycle25,gru,class_conditional,0.1,2022,region_component,nonflare,6932,185,182,0.8690132717830352,0.8208716155680926,0.9138761063633064,1000,conditional_cluster_percentile
retrospective_cycle25,gru,class_conditional,0.1,2022,region_component,flare,707,185,25,0.5643564356435643,0.3889588489746105,0.7154164995100393,1000,conditional_cluster_percentile
retrospective_cycle25,gru,class_conditional,0.1,2023,region_component,all,9211,219,219,0.787645206817935,0.7433418067840883,0.8306811498620322,1000,conditional_cluster_percentile
retrospective_cycle25,gru,class_conditional,0.1,2023,region_component,nonflare,8137,219,211,0.8037360206464299,0.7548576991136066,0.8517818788309881,1000,conditional_cluster_percentile
retrospective_cycle25,gru,class_conditional,0.1,2023,region_component,flare,1074,219,40,0.6657355679702048,0.5236295746451628,0.7956882039666993,1000,conditional_cluster_percentile
retrospective_cycle25,gru,class_conditional,0.1,2024,region_component,all,7072,206,206,0.8034502262443439,0.7522010598451347,0.8500736961475123,1000,conditional_cluster_percentile
retrospective_cycle25,gru,class_conditional,0.1,2024,region_component,nonflare,5813,206,192,0.7918458627214863,0.7314294239068421,0.8441957961344342,1000,conditional_cluster_percentile
retrospective_cycle25,gru,class_conditional,0.1,2024,region_component,flare,1259,206,40,0.8570293884034949,0.7750652127772472,0.9289824221659467,1000,conditional_cluster_percentile
retrospective_cycle25,gru,class_conditional,0.1,2025,region_component,all,7573,237,237,0.8428628020599498,0.800153643089488,0.8781619469163965,1000,conditional_cluster_percentile
retrospective_cycle25,gru,class_conditional,0.1,2025,region_component,nonflare,6941,237,231,0.849589396340585,0.804297928726051,0.88807675701191,1000,conditional_cluster_percentile
retrospective_cycle25,gru,class_conditional,0.1,2025,region_component,flare,632,237,25,0.7689873417721519,0.6380937773882559,0.875423810027965,1000,conditional_cluster_percentile
retrospective_cycle25,gru,class_conditional,0.1,all,calendar_7day_UTC,all,35846,255,255,0.829130167940635,0.8096480594468686,0.8463369287118955,1000,conditional_cluster_percentile
retrospective_cycle25,gru,class_conditional,0.1,all,calendar_7day_UTC,nonflare,31986,255,255,0.8404614518851998,0.8197973944591438,0.8599163312904916,1000,conditional_cluster_percentile
retrospective_cycle25,gru,class_conditional,0.1,all,calendar_7day_UTC,flare,3860,255,126,0.7352331606217617,0.6722757080598799,0.791141740896919,1000,conditional_cluster_percentile
supplementary_2026,gru,class_conditional,0.1,all,region_component,all,11118,128,128,0.8736283504227379,0.8401655590229913,0.907896781404478,1000,conditional_cluster_percentile
supplementary_2026,gru,class_conditional,0.1,all,region_component,nonflare,10126,128,126,0.9165514517084732,0.8892048049915634,0.9417920734381517,1000,conditional_cluster_percentile
supplementary_2026,gru,class_conditional,0.1,all,region_component,flare,992,128,22,0.43548387096774194,0.2367955519640222,0.6093358901054381,1000,conditional_cluster_percentile
supplementary_2026,gru,class_conditional,0.1,2026,region_component,all,11118,128,128,0.8736283504227379,0.8401655590229913,0.907896781404478,1000,conditional_cluster_percentile
supplementary_2026,gru,class_conditional,0.1,2026,region_component,nonflare,10126,128,126,0.9165514517084732,0.8892048049915634,0.9417920734381517,1000,conditional_cluster_percentile
supplementary_2026,gru,class_conditional,0.1,2026,region_component,flare,992,128,22,0.43548387096774194,0.2367955519640222,0.6093358901054381,1000,conditional_cluster_percentile
supplementary_2026,gru,class_conditional,0.1,all,calendar_7day_UTC,all,11118,33,33,0.8736283504227379,0.8407833877458026,0.9083530453420229,1000,conditional_cluster_percentile
supplementary_2026,gru,class_conditional,0.1,all,calendar_7day_UTC,nonflare,10126,33,33,0.9165514517084732,0.882320655548105,0.9466914406334648,1000,conditional_cluster_percentile
supplementary_2026,gru,class_conditional,0.1,all,calendar_7day_UTC,flare,992,33,21,0.43548387096774194,0.2756118050742006,0.5699444767623044,1000,conditional_cluster_percentile
retrospective_cycle25,gru,class_conditional,0.05,all,region_component,all,35846,943,943,0.9087485354014395,0.8929413890244317,0.9224049957120517,1000,conditional_cluster_percentile
retrospective_cycle25,gru,class_conditional,0.05,all,region_component,nonflare,31986,943,913,0.907678359282186,0.8905153457216001,0.923187906751761,1000,conditional_cluster_percentile
retrospective_cycle25,gru,class_conditional,0.05,all,region_component,flare,3860,943,137,0.9176165803108808,0.8794805401835531,0.9524331256626829,1000,conditional_cluster_percentile
retrospective_cycle25,gru,class_conditional,0.05,all,calendar_7day_UTC,all,35846,255,255,0.9087485354014395,0.89438610920382,0.9217380840790047,1000,conditional_cluster_percentile
retrospective_cycle25,gru,class_conditional,0.05,all,calendar_7day_UTC,nonflare,31986,255,255,0.907678359282186,0.8926490137594376,0.921537685021638,1000,conditional_cluster_percentile
retrospective_cycle25,gru,class_conditional,0.05,all,calendar_7day_UTC,flare,3860,255,126,0.9176165803108808,0.8726490027342462,0.9498063373125378,1000,conditional_cluster_percentile
supplementary_2026,gru,class_conditional,0.05,all,region_component,all,11118,128,128,0.940007195538766,0.9173669223206314,0.9618970679789166,1000,conditional_cluster_percentile
supplementary_2026,gru,class_conditional,0.05,all,region_component,nonflare,10126,128,126,0.9616827967608137,0.9410765747746732,0.9788717408540014,1000,conditional_cluster_percentile
supplementary_2026,gru,class_conditional,0.05,all,region_component,flare,992,128,22,0.71875,0.5625088896387043,0.8580277964080781,1000,conditional_cluster_percentile
supplementary_2026,gru,class_conditional,0.05,all,calendar_7day_UTC,all,11118,33,33,0.940007195538766,0.9197828294863122,0.9593224262010029,1000,conditional_cluster_percentile
supplementary_2026,gru,class_conditional,0.05,all,calendar_7day_UTC,nonflare,10126,33,33,0.9616827967608137,0.9398088510241953,0.9806392466241795,1000,conditional_cluster_percentile
supplementary_2026,gru,class_conditional,0.05,all,calendar_7day_UTC,flare,992,33,21,0.71875,0.5739713661026187,0.8333895705521472,1000,conditional_cluster_percentile
retrospective_cycle25,logistic,pooled,0.1,all,region_component,all,35846,943,943,0.8501645929810857,0.8287267074904818,0.8691319473738247,1000,conditional_cluster_percentile
retrospective_cycle25,logistic,pooled,0.1,all,region_component,nonflare,31986,943,913,0.9466641655724379,0.9335303494758918,0.9584566494890551,1000,conditional_cluster_percentile
retrospective_cycle25,logistic,pooled,0.1,all,region_component,flare,3860,943,137,0.050518134715025906,0.019467388034614157,0.08447966717643032,1000,conditional_cluster_percentile
retrospective_cycle25,logistic,pooled,0.1,2021,region_component,all,4351,101,101,0.9285221788094691,0.8754842421669861,0.972311069694153,1000,conditional_cluster_percentile
retrospective_cycle25,logistic,pooled,0.1,2021,region_component,nonflare,4163,101,101,0.9704539995195772,0.9335556692177515,0.995083902927146,1000,conditional_cluster_percentile
retrospective_cycle25,logistic,pooled,0.1,2021,region_component,flare,188,101,8,0.0,0.0,0.0,1000,conditional_cluster_percentile
retrospective_cycle25,logistic,pooled,0.1,2022,region_component,all,7639,185,185,0.8815289959418772,0.839882800407756,0.9195604096762792,1000,conditional_cluster_percentile
retrospective_cycle25,logistic,pooled,0.1,2022,region_component,nonflare,6932,185,182,0.9679746105020196,0.9457330191715764,0.9861606102683462,1000,conditional_cluster_percentile
retrospective_cycle25,logistic,pooled,0.1,2022,region_component,flare,707,185,25,0.033946251768033946,0.0,0.0858323745487555,1000,conditional_cluster_percentile
retrospective_cycle25,logistic,pooled,0.1,2023,region_component,all,9211,219,219,0.8274888720008685,0.7815618182246504,0.8677070663702667,1000,conditional_cluster_percentile
retrospective_cycle25,logistic,pooled,0.1,2023,region_component,nonflare,8137,219,211,0.9367088607594937,0.90361079430401,0.9626707596162998,1000,conditional_cluster_percentile
retrospective_cycle25,logistic,pooled,0.1,2023,region_component,flare,1074,219,40,0.0,0.0,0.0,1000,conditional_cluster_percentile
retrospective_cycle25,logistic,pooled,0.1,2024,region_component,all,7072,206,206,0.7772907239819005,0.7164537700259257,0.8305397123537132,1000,conditional_cluster_percentile
retrospective_cycle25,logistic,pooled,0.1,2024,region_component,nonflare,5813,206,192,0.9169103733012214,0.8703755319574247,0.9554427108365988,1000,conditional_cluster_percentile
retrospective_cycle25,logistic,pooled,0.1,2024,region_component,flare,1259,206,40,0.13264495631453535,0.05082374252831526,0.22400090203906953,1000,conditional_cluster_percentile
retrospective_cycle25,logistic,pooled,0.1,2025,region_component,all,7573,237,237,0.8691403670936221,0.8269183028306948,0.9095688999899025,1000,conditional_cluster_percentile
retrospective_cycle25,logistic,pooled,0.1,2025,region_component,nonflare,6941,237,231,0.9477020602218701,0.9209479346826418,0.9679137279813357,1000,conditional_cluster_percentile
retrospective_cycle25,logistic,pooled,0.1,2025,region_component,flare,632,237,25,0.006329113924050633,0.0,0.020326122944487362,1000,conditional_cluster_percentile
retrospective_cycle25,logistic,pooled,0.1,all,calendar_7day_UTC,all,35846,255,255,0.8501645929810857,0.8277692941978269,0.8701749286299396,1000,conditional_cluster_percentile
retrospective_cycle25,logistic,pooled,0.1,all,calendar_7day_UTC,nonflare,31986,255,255,0.9466641655724379,0.9345661543620133,0.9573230422796628,1000,conditional_cluster_percentile
retrospective_cycle25,logistic,pooled,0.1,all,calendar_7day_UTC,flare,3860,255,126,0.050518134715025906,0.02007670367301013,0.08457083259276289,1000,conditional_cluster_percentile
supplementary_2026,logistic,pooled,0.1,all,region_component,all,11118,128,128,0.9007015650296816,0.8577140753023494,0.938120065207107,1000,conditional_cluster_percentile
supplementary_2026,logistic,pooled,0.1,all,region_component,nonflare,10126,128,126,0.9855816709460794,0.9744842155707445,0.9932832089092067,1000,conditional_cluster_percentile
supplementary_2026,logistic,pooled,0.1,all,region_component,flare,992,128,22,0.034274193548387094,0.0,0.08461028072360043,1000,conditional_cluster_percentile
supplementary_2026,logistic,pooled,0.1,2026,region_component,all,11118,128,128,0.9007015650296816,0.8577140753023494,0.938120065207107,1000,conditional_cluster_percentile
supplementary_2026,logistic,pooled,0.1,2026,region_component,nonflare,10126,128,126,0.9855816709460794,0.9744842155707445,0.9932832089092067,1000,conditional_cluster_percentile
supplementary_2026,logistic,pooled,0.1,2026,region_component,flare,992,128,22,0.034274193548387094,0.0,0.08461028072360043,1000,conditional_cluster_percentile
supplementary_2026,logistic,pooled,0.1,all,calendar_7day_UTC,all,11118,33,33,0.9007015650296816,0.8583336052767965,0.9376819224827566,1000,conditional_cluster_percentile
supplementary_2026,logistic,pooled,0.1,all,calendar_7day_UTC,nonflare,10126,33,33,0.9855816709460794,0.9723606148925872,0.994906256816803,1000,conditional_cluster_percentile
supplementary_2026,logistic,pooled,0.1,all,calendar_7day_UTC,flare,992,33,21,0.034274193548387094,0.0,0.06410530821917808,1000,conditional_cluster_percentile
retrospective_cycle25,logistic,pooled,0.05,all,region_component,all,35846,943,943,0.9349160296825308,0.9216896233326157,0.9479356060488565,1000,conditional_cluster_percentile
retrospective_cycle25,logistic,pooled,0.05,all,region_component,nonflare,31986,943,913,0.9990933533420872,0.9978418466377286,0.9999677799227943,1000,conditional_cluster_percentile
retrospective_cycle25,logistic,pooled,0.05,all,region_component,flare,3860,943,137,0.40310880829015544,0.3304606676061642,0.4759251369418116,1000,conditional_cluster_percentile
retrospective_cycle25,logistic,pooled,0.05,all,calendar_7day_UTC,all,35846,255,255,0.9349160296825308,0.9209601321159874,0.9477672691071138,1000,conditional_cluster_percentile
retrospective_cycle25,logistic,pooled,0.05,all,calendar_7day_UTC,nonflare,31986,255,255,0.9990933533420872,0.9977512507305397,0.9999367040752369,1000,conditional_cluster_percentile
retrospective_cycle25,logistic,pooled,0.05,all,calendar_7day_UTC,flare,3860,255,126,0.40310880829015544,0.3353924798460181,0.4657417051339347,1000,conditional_cluster_percentile
supplementary_2026,logistic,pooled,0.05,all,region_component,all,11118,128,128,0.9349703184025904,0.9038959258906345,0.9623625899261974,1000,conditional_cluster_percentile
supplementary_2026,logistic,pooled,0.05,all,region_component,nonflare,10126,128,126,1.0,1.0,1.0,1000,conditional_cluster_percentile
supplementary_2026,logistic,pooled,0.05,all,region_component,flare,992,128,22,0.2711693548387097,0.09664647952680189,0.4404028243364095,1000,conditional_cluster_percentile
supplementary_2026,logistic,pooled,0.05,all,calendar_7day_UTC,all,11118,33,33,0.9349703184025904,0.9091443109246459,0.9567116005550977,1000,conditional_cluster_percentile
supplementary_2026,logistic,pooled,0.05,all,calendar_7day_UTC,nonflare,10126,33,33,1.0,1.0,1.0,1000,conditional_cluster_percentile
supplementary_2026,logistic,pooled,0.05,all,calendar_7day_UTC,flare,992,33,21,0.2711693548387097,0.10461564474713833,0.4161314615944666,1000,conditional_cluster_percentile
retrospective_cycle25,logistic,class_conditional,0.1,all,region_component,all,35846,943,943,0.8306924064051777,0.8103657209150238,0.8504110274626758,1000,conditional_cluster_percentile
retrospective_cycle25,logistic,class_conditional,0.1,all,region_component,nonflare,31986,943,913,0.8417119989995623,0.8202350712764568,0.8622409841203494,1000,conditional_cluster_percentile
retrospective_cycle25,logistic,class_conditional,0.1,all,region_component,flare,3860,943,137,0.7393782383419689,0.6782924663461144,0.7993053692902561,1000,conditional_cluster_percentile
retrospective_cycle25,logistic,class_conditional,0.1,2021,region_component,all,4351,101,101,0.9190990576878878,0.8656668147498845,0.9601400659806206,1000,conditional_cluster_percentile
retrospective_cycle25,logistic,class_conditional,0.1,2021,region_component,nonflare,4163,101,101,0.9228921450876771,0.8684193204179486,0.9660224598846713,1000,conditional_cluster_percentile
retrospective_cycle25,logistic,class_conditional,0.1,2021,region_component,flare,188,101,8,0.8351063829787234,0.5921890892279241,1.0,1000,conditional_cluster_percentile
retrospective_cycle25,logistic,class_conditional,0.1,2022,region_component,all,7639,185,185,0.8436968189553606,0.7977625850219296,0.8841352252218937,1000,conditional_cluster_percentile
retrospective_cycle25,logistic,class_conditional,0.1,2022,region_component,nonflare,6932,185,182,0.870600115406809,0.8227443325987835,0.9131416770383177,1000,conditional_cluster_percentile
retrospective_cycle25,logistic,class_conditional,0.1,2022,region_component,flare,707,185,25,0.57991513437058,0.4059838712984989,0.7265568225243372,1000,conditional_cluster_percentile
retrospective_cycle25,logistic,class_conditional,0.1,2023,region_component,all,9211,219,219,0.7914450113994137,0.7474893613526854,0.8352027063280781,1000,conditional_cluster_percentile
retrospective_cycle25,logistic,class_conditional,0.1,2023,region_component,nonflare,8137,219,211,0.8072999877104584,0.7588689567017709,0.8554558073517543,1000,conditional_cluster_percentile
retrospective_cycle25,logistic,class_conditional,0.1,2023,region_component,flare,1074,219,40,0.6713221601489758,0.5293467465092957,0.7981838495035062,1000,conditional_cluster_percentile
retrospective_cycle25,logistic,class_conditional,0.1,2024,region_component,all,7072,206,206,0.8057126696832579,0.7564842854184104,0.8530355622955028,1000,conditional_cluster_percentile
retrospective_cycle25,logistic,class_conditional,0.1,2024,region_component,nonflare,5813,206,192,0.7939102012730088,0.7344011391316172,0.8471276958800056,1000,conditional_cluster_percentile
retrospective_cycle25,logistic,class_conditional,0.1,2024,region_component,flare,1259,206,40,0.8602065131056394,0.7817276262239594,0.9296203270949114,1000,conditional_cluster_percentile
retrospective_cycle25,logistic,class_conditional,0.1,2025,region_component,all,7573,237,237,0.8378449755711079,0.7960042527196343,0.8727640603478721,1000,conditional_cluster_percentile
retrospective_cycle25,logistic,class_conditional,0.1,2025,region_component,nonflare,6941,237,231,0.844546895260049,0.7989629609791573,0.8805138329702332,1000,conditional_cluster_percentile
retrospective_cycle25,logistic,class_conditional,0.1,2025,region_component,flare,632,237,25,0.7642405063291139,0.6263069059274194,0.8837945594809691,1000,conditional_cluster_percentile
retrospective_cycle25,logistic,class_conditional,0.1,all,calendar_7day_UTC,all,35846,255,255,0.8306924064051777,0.8109665843680497,0.8479719739693804,1000,conditional_cluster_percentile
retrospective_cycle25,logistic,class_conditional,0.1,all,calendar_7day_UTC,nonflare,31986,255,255,0.8417119989995623,0.821384051910201,0.8606691245470824,1000,conditional_cluster_percentile
retrospective_cycle25,logistic,class_conditional,0.1,all,calendar_7day_UTC,flare,3860,255,126,0.7393782383419689,0.6743134837221951,0.7949369324208707,1000,conditional_cluster_percentile
supplementary_2026,logistic,class_conditional,0.1,all,region_component,all,11118,128,128,0.8800143910775319,0.8475785102551976,0.9141029996293064,1000,conditional_cluster_percentile
supplementary_2026,logistic,class_conditional,0.1,all,region_component,nonflare,10126,128,126,0.9222792810586609,0.8949973867774709,0.9457669333255314,1000,conditional_cluster_percentile
supplementary_2026,logistic,class_conditional,0.1,all,region_component,flare,992,128,22,0.4485887096774194,0.24376199299552512,0.6264821096677042,1000,conditional_cluster_percentile
supplementary_2026,logistic,class_conditional,0.1,2026,region_component,all,11118,128,128,0.8800143910775319,0.8475785102551976,0.9141029996293064,1000,conditional_cluster_percentile
supplementary_2026,logistic,class_conditional,0.1,2026,region_component,nonflare,10126,128,126,0.9222792810586609,0.8949973867774709,0.9457669333255314,1000,conditional_cluster_percentile
supplementary_2026,logistic,class_conditional,0.1,2026,region_component,flare,992,128,22,0.4485887096774194,0.24376199299552512,0.6264821096677042,1000,conditional_cluster_percentile
supplementary_2026,logistic,class_conditional,0.1,all,calendar_7day_UTC,all,11118,33,33,0.8800143910775319,0.8456302291293334,0.9150466805616604,1000,conditional_cluster_percentile
supplementary_2026,logistic,class_conditional,0.1,all,calendar_7day_UTC,nonflare,10126,33,33,0.9222792810586609,0.8856368382105858,0.9522255125901322,1000,conditional_cluster_percentile
supplementary_2026,logistic,class_conditional,0.1,all,calendar_7day_UTC,flare,992,33,21,0.4485887096774194,0.2816799986188481,0.584416280021834,1000,conditional_cluster_percentile
retrospective_cycle25,logistic,class_conditional,0.05,all,region_component,all,35846,943,943,0.9053450873179714,0.8893064118871489,0.9192022159586211,1000,conditional_cluster_percentile
retrospective_cycle25,logistic,class_conditional,0.05,all,region_component,nonflare,31986,943,913,0.9043331457512662,0.8869061360834001,0.9197342244708197,1000,conditional_cluster_percentile
retrospective_cycle25,logistic,class_conditional,0.05,all,region_component,flare,3860,943,137,0.9137305699481866,0.8744811233163372,0.9491282505046845,1000,conditional_cluster_percentile
retrospective_cycle25,logistic,class_conditional,0.05,all,calendar_7day_UTC,all,35846,255,255,0.9053450873179714,0.8911361813821498,0.9186316936849729,1000,conditional_cluster_percentile
retrospective_cycle25,logistic,class_conditional,0.05,all,calendar_7day_UTC,nonflare,31986,255,255,0.9043331457512662,0.8890792616165245,0.918796055237736,1000,conditional_cluster_percentile
retrospective_cycle25,logistic,class_conditional,0.05,all,calendar_7day_UTC,flare,3860,255,126,0.9137305699481866,0.8687881018112869,0.9468529677008867,1000,conditional_cluster_percentile
supplementary_2026,logistic,class_conditional,0.05,all,region_component,all,11118,128,128,0.940636805180788,0.9196348762962273,0.9621586332201587,1000,conditional_cluster_percentile
supplementary_2026,logistic,class_conditional,0.05,all,region_component,nonflare,10126,128,126,0.9634603989729409,0.9446329457329414,0.9785832343916248,1000,conditional_cluster_percentile
supplementary_2026,logistic,class_conditional,0.05,all,region_component,flare,992,128,22,0.7076612903225806,0.5421228611926698,0.8533985399240301,1000,conditional_cluster_percentile
supplementary_2026,logistic,class_conditional,0.05,all,calendar_7day_UTC,all,11118,33,33,0.940636805180788,0.9214387868477942,0.9583098788997694,1000,conditional_cluster_percentile
supplementary_2026,logistic,class_conditional,0.05,all,calendar_7day_UTC,nonflare,10126,33,33,0.9634603989729409,0.941450976273001,0.981367355853619,1000,conditional_cluster_percentile
supplementary_2026,logistic,class_conditional,0.05,all,calendar_7day_UTC,flare,992,33,21,0.7076612903225806,0.5567154413514156,0.8283017075966157,1000,conditional_cluster_percentile
