role,model,method,alpha,cases,nonflare_cases,flare_cases,covered,coverage,mean_set_size,singleton_cases,singleton_fraction,singleton_error,nonflare_covered,nonflare_coverage,flare_covered,flare_coverage,empty_count,empty_fraction,nonflare_only_count,nonflare_only_fraction,flare_only_count,flare_only_fraction,both_count,both_fraction,flare_singleton_nonflare_count,flare_singleton_nonflare_rate
retrospective_cycle25,gru,pooled,0.1,35846,31986,3860,30980,0.8642526362774089,0.9387379344975729,33650,0.9387379344975729,0.07934621099554234,30492,0.9532920652785594,488,0.12642487046632125,2196,0.06126206550242705,32899,0.9177872008034369,751,0.020950733694136026,0,0.0,2407,0.6235751295336788
supplementary_2026,gru,pooled,0.1,11118,10126,992,10106,0.9089764346105415,0.97733405288721,10866,0.97733405288721,0.06994294128474139,9986,0.9861742050167884,120,0.12096774193548387,252,0.02266594711279007,10718,0.9640223061701745,148,0.013311746717035437,0,0.0,732,0.7379032258064516
retrospective_cycle25,gru,pooled,0.05,35846,31986,3860,33089,0.923087652736707,1.0556826424147743,33850,0.9443173575852257,0.08144756277695717,31682,0.9904958419308447,1407,0.3645077720207254,0,0.0,33024,0.9212743402332199,826,0.023043017352005802,1996,0.05568264241477431,2453,0.6354922279792746
supplementary_2026,gru,pooled,0.05,11118,10126,992,10353,0.9311926605504587,1.0205972297175752,10889,0.979402770282425,0.0702543851593351,10096,0.9970373296464546,257,0.2590725806451613,0,0.0,10734,0.9654614139233675,155,0.013941356359057385,229,0.020597229717575105,735,0.7409274193548387
retrospective_cycle25,gru,class_conditional,0.1,35846,31986,3860,29721,0.829130167940635,1.0347598058360765,34600,0.9652401941639235,0.17702312138728324,26883,0.8404614518851998,2838,0.7352331606217617,0,0.0,26898,0.7503766110584166,7702,0.21486358310550688,1246,0.03475980583607655,1022,0.26476683937823836
supplementary_2026,gru,class_conditional,0.1,11118,10126,992,9713,0.8736283504227379,1.0230257240510883,10862,0.9769742759489117,0.12935002761922298,9281,0.9165514517084732,432,0.43548387096774194,0,0.0,9629,0.8660730347184745,1233,0.11090124123043713,256,0.023025724051088325,560,0.5645161290322581
retrospective_cycle25,gru,class_conditional,0.05,35846,31986,3860,32575,0.9087485354014395,1.3593706410757127,22964,0.6406293589242872,0.1424403414039366,29033,0.907678359282186,3542,0.9176165803108808,0,0.0,17985,0.5017296211571723,4979,0.13889973776711487,12882,0.35937064107571276,318,0.08238341968911918
supplementary_2026,gru,class_conditional,0.05,11118,10126,992,10451,0.940007195538766,1.2922288181327577,7869,0.7077711818672423,0.08476299402719532,9738,0.9616827967608137,713,0.71875,0,0.0,7175,0.6453498830724951,694,0.062421298794747254,3249,0.2922288181327577,279,0.28125
retrospective_cycle25,logistic,pooled,0.1,35846,31986,3860,30475,0.8501645929810857,0.9165876248395916,32856,0.9165876248395916,0.07246773800827855,30280,0.9466641655724379,195,0.050518134715025906,2990,0.08341237516040842,32624,0.9101154940579144,232,0.006472130781677175,0,0.0,2344,0.6072538860103627
supplementary_2026,logistic,pooled,0.1,11118,10126,992,10014,0.9007015650296816,0.9659111350962404,10739,0.9659111350962404,0.0675109414284384,9980,0.9855816709460794,34,0.034274193548387094,379,0.03408886490375967,10705,0.9628530311207052,34,0.0030581039755351682,0,0.0,725,0.7308467741935484
retrospective_cycle25,logistic,pooled,0.05,35846,31986,3860,33513,0.9349160296825308,1.0871505886291357,32722,0.9128494113708643,0.07129759794633579,31957,0.9990933533420872,1556,0.40310880829015544,0,0.0,32509,0.9069073257825141,213,0.005942085588350164,3124,0.08715058862913574,2304,0.5968911917098445
supplementary_2026,logistic,pooled,0.05,11118,10126,992,10395,0.9349703184025904,1.035258139953229,10726,0.964741860046771,0.06740630244266269,10126,1.0,269,0.2711693548387097,0,0.0,10695,0.9619535887749595,31,0.0027882712718114767,392,0.035258139953229,723,0.7288306451612904
retrospective_cycle25,logistic,class_conditional,0.1,35846,31986,3860,29777,0.8306924064051777,1.0486525693243318,34102,0.9513474306756682,0.17796610169491525,26923,0.8417119989995623,2854,0.7393782383419689,0,0.0,26464,0.7382692629582102,7638,0.21307816771745802,1744,0.04865256932433187,1006,0.2606217616580311
supplementary_2026,logistic,class_conditional,0.1,11118,10126,992,9784,0.8800143910775319,1.0348084187803561,10731,0.9651915812196438,0.1243127387941478,9339,0.9222792810586609,445,0.4485887096774194,0,0.0,9564,0.8602266594711279,1167,0.10496492174851592,387,0.034808418780356176,547,0.5514112903225806
retrospective_cycle25,logistic,class_conditional,0.05,35846,31986,3860,32453,0.9053450873179714,1.341823355465045,23593,0.6581766445349551,0.14381384308905185,28926,0.9043331457512662,3527,0.9137305699481866,0,0.0,18506,0.5162640183005077,5087,0.14191262623444736,12253,0.3418233554650449,333,0.08626943005181348
supplementary_2026,logistic,class_conditional,0.05,11118,10126,992,10458,0.940636805180788,1.2810757330455118,7993,0.7189242669544882,0.08257225071937946,9756,0.9634603989729409,702,0.7076612903225806,0,0.0,7303,0.6568627450980392,690,0.062061521856449,3125,0.28107573304551176,290,0.2923387096774194
