role,model,method,alpha,year,cases,nonflare_cases,flare_cases,covered,coverage,mean_set_size,singleton_cases,singleton_fraction,singleton_error,nonflare_covered,nonflare_coverage,flare_covered,flare_coverage,empty_count,empty_fraction,nonflare_only_count,nonflare_only_fraction,flare_only_count,flare_only_fraction,both_count,both_fraction,flare_singleton_nonflare_count,flare_singleton_nonflare_rate
retrospective_cycle25,gru,pooled,0.1,2021,4351,4163,188,4060,0.933118823259021,0.9655251666283613,4201,0.9655251666283613,0.033563437276838845,4044,0.971414845063656,16,0.0851063829787234,150,0.0344748333716387,4168,0.9579407032866007,33,0.0075844633417605145,0,0.0,124,0.6595744680851063
retrospective_cycle25,gru,pooled,0.1,2022,7639,6932,707,6773,0.8866343762272548,0.9595496792773923,7330,0.9595496792773923,0.07598908594815826,6713,0.9684073860357761,60,0.08486562942008487,309,0.04045032072260767,7270,0.951695248069119,60,0.007854431208273335,0,0.0,557,0.7878359264497878
retrospective_cycle25,gru,pooled,0.1,2023,9211,8137,1074,7786,0.8452936706112257,0.9332320052111606,8596,0.9332320052111606,0.09422987436016753,7705,0.9469091802875753,81,0.07541899441340782,615,0.06676799478883944,8412,0.9132558896971013,184,0.019976115514059277,0,0.0,707,0.6582867783985102
retrospective_cycle25,gru,pooled,0.1,2024,7072,5813,1259,5697,0.8055712669683258,0.8915441176470589,6305,0.8915441176470589,0.0964314036478985,5392,0.9275761224840874,305,0.24225575853852263,767,0.10845588235294118,5939,0.8397907239819005,366,0.05175339366515837,0,0.0,547,0.4344718030182685
retrospective_cycle25,gru,pooled,0.1,2025,7573,6941,632,6664,0.879968308464281,0.9531229367489766,7218,0.9531229367489766,0.07675256303685231,6638,0.9563463477885031,26,0.04113924050632911,355,0.04687706325102337,7110,0.9388617456754259,108,0.014261191073550773,0,0.0,472,0.7468354430379747
supplementary_2026,gru,pooled,0.1,2026,11118,10126,992,10106,0.9089764346105415,0.97733405288721,10866,0.97733405288721,0.06994294128474139,9986,0.9861742050167884,120,0.12096774193548387,252,0.02266594711279007,10718,0.9640223061701745,148,0.013311746717035437,0,0.0,732,0.7379032258064516
retrospective_cycle25,gru,pooled,0.05,2021,4351,4163,188,4205,0.9664444955182716,1.0317168467019076,4213,0.9682831532980924,0.03465464039876572,4142,0.9949555608935864,63,0.3351063829787234,0,0.0,4172,0.9588600321765112,41,0.009423121121581246,138,0.03171684670190761,125,0.6648936170212766
retrospective_cycle25,gru,pooled,0.05,2022,7639,6932,707,7073,0.9259065322686215,1.0362612907448618,7362,0.9637387092551382,0.07688128226025537,6930,0.9997114829774957,143,0.20226308345120225,0,0.0,7296,0.9550988349260374,66,0.008639874329100667,277,0.036261290744861896,564,0.7977369165487977
retrospective_cycle25,gru,pooled,0.05,2023,9211,8137,1074,8380,0.9097817826511779,1.0603626099229182,8655,0.9396373900770818,0.09601386481802426,8027,0.9864815042398919,353,0.3286778398510242,0,0.0,8451,0.9174899576593204,204,0.022147432417761372,556,0.06036260992291825,721,0.6713221601489758
retrospective_cycle25,gru,pooled,0.05,2024,7072,5813,1259,6425,0.908512443438914,1.099264705882353,6370,0.9007352941176471,0.10156985871271586,5733,0.9862377429898503,692,0.5496425734710088,0,0.0,5972,0.8444570135746606,398,0.05627828054298643,702,0.09926470588235294,567,0.45035742652899124
retrospective_cycle25,gru,pooled,0.05,2025,7573,6941,632,7006,0.9251287468638585,1.0426515251551565,7250,0.9573484748448435,0.07820689655172414,6850,0.9868894971906066,156,0.2468354430379747,0,0.0,7133,0.9418988511818301,117,0.015449623663013336,323,0.042651525155156474,476,0.7531645569620253
supplementary_2026,gru,pooled,0.05,2026,11118,10126,992,10353,0.9311926605504587,1.0205972297175752,10889,0.979402770282425,0.0702543851593351,10096,0.9970373296464546,257,0.2590725806451613,0,0.0,10734,0.9654614139233675,155,0.013941356359057385,229,0.020597229717575105,735,0.7409274193548387
retrospective_cycle25,gru,class_conditional,0.1,2021,4351,4163,188,3978,0.9142725810158584,1.022983222247759,4251,0.9770167777522408,0.08774406022112444,3819,0.9173672832092241,159,0.8457446808510638,0,0.0,3764,0.8650884854056539,487,0.111928292346587,100,0.022983222247759137,29,0.15425531914893617
retrospective_cycle25,gru,class_conditional,0.1,2022,7639,6932,707,6423,0.8408168608456604,1.0263123445477156,7438,0.9736876554522843,0.16348480774401722,6024,0.8690132717830352,399,0.5643564356435643,0,0.0,6183,0.8093991360125671,1255,0.16428851943971723,201,0.02631234454771567,308,0.43564356435643564
retrospective_cycle25,gru,class_conditional,0.1,2023,9211,8137,1074,7255,0.787645206817935,1.040603626099229,8837,0.9593963739007708,0.22134208441778885,6540,0.8037360206464299,715,0.6657355679702048,0,0.0,6568,0.7130604711757681,2269,0.24633590272500272,374,0.040603626099229184,359,0.33426443202979517
retrospective_cycle25,gru,class_conditional,0.1,2024,7072,5813,1259,5682,0.8034502262443439,1.0388857466063348,6797,0.9611142533936652,0.20450198617036927,4603,0.7918458627214863,1079,0.8570293884034949,0,0.0,4570,0.646210407239819,2227,0.31490384615384615,275,0.03888574660633484,180,0.14297061159650518
retrospective_cycle25,gru,class_conditional,0.1,2025,7573,6941,632,6383,0.8428628020599498,1.0390862273867687,7277,0.9609137726132312,0.16352892675553113,5897,0.849589396340585,486,0.7689873417721519,0,0.0,5813,0.7675954047273208,1464,0.19331836788591047,296,0.039086227386768785,146,0.2310126582278481
supplementary_2026,gru,class_conditional,0.1,2026,11118,10126,992,9713,0.8736283504227379,1.0230257240510883,10862,0.9769742759489117,0.12935002761922298,9281,0.9165514517084732,432,0.43548387096774194,0,0.0,9629,0.8660730347184745,1233,0.11090124123043713,256,0.023025724051088325,560,0.5645161290322581
retrospective_cycle25,gru,class_conditional,0.05,2021,4351,4163,188,4149,0.9535738910595265,1.2831532980923925,3119,0.7168467019076075,0.0647643475472908,3961,0.9514773000240211,188,1.0,0,0.0,2834,0.6513445185014939,285,0.06550218340611354,1232,0.28315329809239254,0,0.0
retrospective_cycle25,gru,class_conditional,0.05,2022,7639,6932,707,7034,0.9208011519832439,1.358162063097264,4903,0.6418379369027359,0.12339384050581277,6432,0.927870744373918,602,0.8514851485148515,0,0.0,4153,0.5436575467993193,750,0.09818039010341668,2736,0.35816206309726406,105,0.1485148514851485
retrospective_cycle25,gru,class_conditional,0.05,2023,9211,8137,1074,8137,0.8834002822711975,1.3853001845619368,5662,0.6146998154380632,0.18968562345460968,7211,0.8861988447830896,926,0.8621973929236499,0,0.0,4207,0.4567365106937358,1455,0.15796330474432743,3549,0.3853001845619368,148,0.1378026070763501
retrospective_cycle25,gru,class_conditional,0.05,2024,7072,5813,1259,6303,0.8912613122171946,1.3536481900452488,4571,0.6463518099547512,0.16823452198643624,5094,0.8763117151212799,1209,0.960285941223193,0,0.0,2960,0.41855203619909503,1611,0.2277997737556561,2501,0.3536481900452489,50,0.03971405877680699
retrospective_cycle25,gru,class_conditional,0.05,2025,7573,6941,632,6952,0.9179981513270831,1.3781856595800872,4709,0.6218143404199129,0.13187513272456997,6335,0.9126926955770062,617,0.9762658227848101,0,0.0,3831,0.505876138914565,878,0.11593820150534795,2864,0.37818565958008715,15,0.023734177215189875
supplementary_2026,gru,class_conditional,0.05,2026,11118,10126,992,10451,0.940007195538766,1.2922288181327577,7869,0.7077711818672423,0.08476299402719532,9738,0.9616827967608137,713,0.71875,0,0.0,7175,0.6453498830724951,694,0.062421298794747254,3249,0.2922288181327577,279,0.28125
retrospective_cycle25,logistic,pooled,0.1,2021,4351,4163,188,4040,0.9285221788094691,0.9570213743966904,4164,0.9570213743966904,0.029779058597502402,4040,0.9704539995195772,0,0.0,187,0.04297862560330958,4164,0.9570213743966904,0,0.0,0,0.0,124,0.6595744680851063
retrospective_cycle25,logistic,pooled,0.1,2022,7639,6932,707,6734,0.8815289959418772,0.9531352271239691,7281,0.9531352271239691,0.07512704298860047,6710,0.9679746105020196,24,0.033946251768033946,358,0.04686477287603089,7257,0.9499934546406598,24,0.0031417724833093337,0,0.0,547,0.7736916548797736
retrospective_cycle25,logistic,pooled,0.1,2023,9211,8137,1074,7622,0.8274888720008685,0.9038106611659972,8325,0.9038106611659972,0.08444444444444445,7622,0.9367088607594937,0,0.0,886,0.09618933883400282,8324,0.903702095320812,1,0.00010856584518510477,0,0.0,702,0.6536312849162011
retrospective_cycle25,logistic,pooled,0.1,2024,7072,5813,1259,5497,0.7772907239819005,0.8515271493212669,6022,0.8515271493212669,0.08718033875788775,5330,0.9169103733012214,167,0.13264495631453535,1050,0.14847285067873303,5853,0.8276300904977375,169,0.02389705882352941,0,0.0,523,0.41540905480540113
retrospective_cycle25,logistic,pooled,0.1,2025,7573,6941,632,6582,0.8691403670936221,0.9327875346626172,7064,0.9327875346626172,0.06823329558323896,6578,0.9477020602218701,4,0.006329113924050633,509,0.0672124653373828,7026,0.9277697081737752,38,0.005017826488841939,0,0.0,448,0.7088607594936709
supplementary_2026,logistic,pooled,0.1,2026,11118,10126,992,10014,0.9007015650296816,0.9659111350962404,10739,0.9659111350962404,0.0675109414284384,9980,0.9855816709460794,34,0.034274193548387094,379,0.03408886490375967,10705,0.9628530311207052,34,0.0030581039755351682,0,0.0,725,0.7308467741935484
retrospective_cycle25,logistic,pooled,0.05,2021,4351,4163,188,4229,0.9719604688577339,1.0445874511606528,4157,0.9554125488393472,0.0293480875631465,4163,1.0,66,0.35106382978723405,0,0.0,4157,0.9554125488393472,0,0.0,194,0.04458745116065272,122,0.648936170212766
retrospective_cycle25,logistic,pooled,0.05,2022,7639,6932,707,7099,0.92931011912554,1.0500065453593401,7257,0.9499934546406598,0.07441091360066143,6932,1.0,167,0.2362093352192362,0,0.0,7235,0.9471134965309596,22,0.0028799581097002226,382,0.05000654535934023,540,0.7637906647807637
retrospective_cycle25,logistic,pooled,0.05,2023,9211,8137,1074,8525,0.9255238302030181,1.1007491043317772,8283,0.8992508956682228,0.08282023421465652,8137,1.0,388,0.3612662942271881,0,0.0,8283,0.8992508956682228,0,0.0,928,0.10074910433177722,686,0.638733705772812
retrospective_cycle25,logistic,pooled,0.05,2024,7072,5813,1259,6561,0.9277432126696833,1.154128959276018,5982,0.8458710407239819,0.08542293547308592,5812,0.9998279717873731,749,0.5949166004765687,0,0.0,5822,0.8232466063348416,160,0.02262443438914027,1090,0.1541289592760181,510,0.4050833995234313
retrospective_cycle25,logistic,pooled,0.05,2025,7573,6941,632,7099,0.9374092169549716,1.0699854747127955,7043,0.9300145252872045,0.06730086610819253,6913,0.9959659991355713,186,0.29430379746835444,0,0.0,7012,0.9259210352568334,31,0.0040934900303710555,530,0.06998547471279545,446,0.7056962025316456
supplementary_2026,logistic,pooled,0.05,2026,11118,10126,992,10395,0.9349703184025904,1.035258139953229,10726,0.964741860046771,0.06740630244266269,10126,1.0,269,0.2711693548387097,0,0.0,10695,0.9619535887749595,31,0.0027882712718114767,392,0.035258139953229,723,0.7288306451612904
retrospective_cycle25,logistic,class_conditional,0.1,2021,4351,4163,188,3999,0.9190990576878878,1.0307975178119972,4217,0.9692024821880028,0.08347166231918425,3842,0.9228921450876771,157,0.8351063829787234,0,0.0,3753,0.8625603309584003,464,0.1066421512296024,134,0.030797517811997244,31,0.16489361702127658
retrospective_cycle25,logistic,class_conditional,0.1,2022,7639,6932,707,6445,0.8436968189553606,1.0425448357114806,7314,0.9574551642885194,0.16324856439704677,6035,0.870600115406809,410,0.57991513437058,0,0.0,6072,0.7948684382772614,1242,0.162586726011258,325,0.04254483571148056,297,0.4200848656294201
retrospective_cycle25,logistic,class_conditional,0.1,2023,9211,8137,1074,7290,0.7914450113994137,1.0555857127347736,8699,0.9444142872652264,0.22082998045752386,6569,0.8072999877104584,721,0.6713221601489758,0,0.0,6464,0.7017696232765173,2235,0.24264466398870915,512,0.05558571273477364,353,0.3286778398510242
retrospective_cycle25,logistic,class_conditional,0.1,2024,7072,5813,1259,5698,0.8057126696832579,1.0509049773755657,6712,0.9490950226244343,0.20470798569725865,4615,0.7939102012730088,1083,0.8602065131056394,0,0.0,4505,0.6370192307692307,2207,0.3120757918552036,360,0.05090497737556561,176,0.1397934868943606
retrospective_cycle25,logistic,class_conditional,0.1,2025,7573,6941,632,6345,0.8378449755711079,1.0545358510497822,7160,0.9454641489502179,0.17150837988826817,5862,0.844546895260049,483,0.7642405063291139,0,0.0,5670,0.7487125313614156,1490,0.19675161758880233,413,0.05453585104978212,149,0.23575949367088608
supplementary_2026,logistic,class_conditional,0.1,2026,11118,10126,992,9784,0.8800143910775319,1.0348084187803561,10731,0.9651915812196438,0.1243127387941478,9339,0.9222792810586609,445,0.4485887096774194,0,0.0,9564,0.8602266594711279,1167,0.10496492174851592,387,0.034808418780356176,547,0.5514112903225806
retrospective_cycle25,logistic,class_conditional,0.05,2021,4351,4163,188,4163,0.9567915421742128,1.271661686968513,3169,0.728338313031487,0.05932470810981382,3975,0.9548402594282969,188,1.0,0,0.0,2904,0.6674327740749253,265,0.06090553895656171,1182,0.271661686968513,0,0.0
retrospective_cycle25,logistic,class_conditional,0.05,2022,7639,6932,707,7041,0.9217175022908758,1.343762272548763,5013,0.6562377274512371,0.11928984639936166,6440,0.9290248124639354,601,0.8500707213578501,0,0.0,4272,0.5592355020290614,741,0.09700222542217568,2626,0.3437622725487629,106,0.14992927864214992
retrospective_cycle25,logistic,class_conditional,0.05,2023,9211,8137,1074,8099,0.8792747801541635,1.3633698838345456,5864,0.6366301161654544,0.18963165075034105,7182,0.8826348777190611,917,0.8538175046554934,0,0.0,4362,0.473564216697427,1502,0.16306589946802735,3347,0.36336988383454566,157,0.14618249534450653
retrospective_cycle25,logistic,class_conditional,0.05,2024,7072,5813,1259,6258,0.8848981900452488,1.3345588235294117,4706,0.6654411764705882,0.17297067573310668,5051,0.8689145019783244,1207,0.9586973788721207,0,0.0,3061,0.43283371040723984,1645,0.23260746606334842,2366,0.33455882352941174,52,0.04130262112787927
retrospective_cycle25,logistic,class_conditional,0.05,2025,7573,6941,632,6892,0.9100752673973326,1.3607553149346363,4841,0.6392446850653638,0.14067341458376367,6278,0.9044806223887047,614,0.9715189873417721,0,0.0,3907,0.5159117918922488,934,0.12333289317311501,2732,0.3607553149346362,18,0.028481012658227847
supplementary_2026,logistic,class_conditional,0.05,2026,11118,10126,992,10458,0.940636805180788,1.2810757330455118,7993,0.7189242669544882,0.08257225071937946,9756,0.9634603989729409,702,0.7076612903225806,0,0.0,7303,0.6568627450980392,690,0.062061521856449,3125,0.28107573304551176,290,0.2923387096774194
