grouping,group,branch,cases,available_cases,positives,prevalence,brier,log_loss,ece_10bin,calibration_slope,calibration_intercept,overall_conformal_coverage,flare_conformal_coverage,no_flare_conformal_coverage,tp,fp,fn,tn,recall,specificity,precision,f1,tss,hss
regime,cycle24_earlier_development,sharp,24046,24046,1406,0.05847126341179406,0.036541581709662804,0.132649685983606,0.0056027953338309375,1.110264297674637,0.2672292484444722,0.9043499958413042,0.8058321479374111,0.9104681978798587,1127,2545,279,20095,0.8015647226173542,0.8875883392226148,0.30691721132897604,0.44387554155179204,0.689153061839969,0.3925035769392722
regime,cycle24_earlier_development,aia,24046,24046,1406,0.05847126341179406,0.05511030851041825,0.2080887701106581,0.02169093666859227,0.6931854007061166,-0.9186912740159251,0.9063877567994677,0.8115220483641536,0.9122791519434629,1285,13150,121,9490,0.9139402560455192,0.4191696113074205,0.08901974367855905,0.16223723249794833,0.33310986735293957,0.06231461167953478
regime,cycle24_earlier_development,sharp_aia,24046,24046,1406,0.05847126341179406,0.041436221575012255,0.1532756422858424,0.03030151917242076,1.7119788962395526,1.1719881885148125,0.8995259086750395,0.8378378378378378,0.903356890459364,1165,4488,241,18152,0.8285917496443812,0.8017667844522968,0.20608526446134795,0.33007508145629694,0.630358534096678,0.2608539774823767
regime,cycle25_2021_2025_diagnostic,sharp,35846,35846,3860,0.10768286559169782,0.07736469461862225,0.26704368704363146,0.030657269651266507,0.7541754886440333,-0.08632099894846985,0.829130167940635,0.7352331606217617,0.8404614518851998,2811,5992,1049,25994,0.7282383419689119,0.8126680422684924,0.3193229580824719,0.4439706230751007,0.5409063842374042,0.34606562528453494
regime,cycle25_2021_2025_diagnostic,aia,35846,35846,3860,0.10768286559169782,0.09731935173440706,0.3638981530891165,0.06736399445641597,0.5021381963704019,-0.44184272346021414,0.903615466160799,0.6204663212435233,0.937785281060464,2869,12911,991,19075,0.7432642487046632,0.5963546551616332,0.1818124207858048,0.2921588594704684,0.33961890386629645,0.1440460929645013
regime,cycle25_2021_2025_diagnostic,sharp_aia,35846,35846,3860,0.10768286559169782,0.08119158713474761,0.2739806195571223,0.03727326506525747,0.9810356463847985,0.5224188948854143,0.8540422920270044,0.6922279792746114,0.8735696867379479,2615,6060,1245,25926,0.677461139896373,0.8105421121740761,0.30144092219020174,0.4172317510969286,0.48800325207044914,0.31515853664181903
regime,supplementary_2026_locked,sharp,11118,11118,992,0.08922468069796725,0.06909934673687489,0.28147795786330343,0.0473525244763225,0.6559589137895965,-0.02214918864537479,0.8736283504227379,0.43548387096774194,0.9165514517084732,421,1028,571,9098,0.42439516129032256,0.8984791625518467,0.29054520358868186,0.34494059811552635,0.3228743238421692,0.2673294037616372
regime,supplementary_2026_locked,aia,11118,11118,992,0.08922468069796725,0.08687185320556018,0.41915843616032245,0.07931631030167835,0.6626858541866365,0.8397139069563636,0.9159920849073574,0.06350806451612903,0.9995062216077425,116,438,876,9688,0.11693548387096774,0.9567450128382382,0.20938628158844766,0.1500646830530401,0.07368049670920596,0.09200156228129865
regime,supplementary_2026_locked,sharp_aia,11118,11118,992,0.08922468069796725,0.07430385044525065,0.3032388822996914,0.05967151250121744,0.8101218723702979,0.7906103745347188,0.9172513041914013,0.34576612903225806,0.9732372111396406,337,481,655,9645,0.3397177419354839,0.9524985186648233,0.4119804400977995,0.37237569060773484,0.29221626060030714,0.3173193530093076
role,model_validation,sharp,3905,3905,416,0.10653008962868117,0.0691706751556309,0.2267682885903689,0.02884998563172263,0.922849243903078,0.1631090848306835,0.8627400768245839,0.8413461538461539,0.8652909143020923,350,581,66,2908,0.8413461538461539,0.8334766408713098,0.37593984962406013,0.5196733481811433,0.6748227947174636,0.4367256478345617
role,model_validation,aia,3905,3905,416,0.10653008962868117,0.09760103850382808,0.34967352734292184,0.052430045139932525,0.41622461436799535,-0.9890958120350033,0.8880921895006402,0.75,0.9045571797076526,383,2262,33,1227,0.9206730769230769,0.351676698194325,0.1448015122873346,0.2502450179679843,0.272349775117402,0.0810648275607494
role,model_validation,sharp_aia,3905,3905,416,0.10653008962868117,0.0755314666611453,0.2512671414887216,0.02427196875417659,1.3957897038305376,0.9848895577212866,0.8501920614596671,0.8269230769230769,0.8529664660361135,339,911,77,2578,0.8149038461538461,0.7388936658068215,0.2712,0.4069627851140456,0.5537975119606675,0.294121736712205
role,probability_calibration,sharp,2831,2831,184,0.06499470151889791,0.0447216526538143,0.17215668295051362,0.02884578147707239,0.9070877132609029,-0.4874908624487102,0.8265630519251148,0.75,0.8318851530034,137,538,47,2109,0.7445652173913043,0.7967510389119759,0.20296296296296296,0.3189755529685681,0.5413162563032801,0.2414981206166997
role,probability_calibration,aia,2831,2831,184,0.06499470151889791,0.0580931067231742,0.21139627882988388,0.02486127123429779,1.0968731108585212,-0.20144933920983943,0.9099258212645708,0.9836956521739131,0.904797884397431,184,1798,0,849,1.0,0.3207404608991311,0.09283551967709384,0.16989843028624194,0.3207404608991311,0.05783025486018691
role,probability_calibration,sharp_aia,2831,2831,184,0.06499470151889791,0.046110824099983884,0.17312969560952904,0.050497934133255026,1.740223720229633,0.8122515126914177,0.847756976333451,0.842391304347826,0.848129958443521,153,803,31,1844,0.8315217391304348,0.696637703060068,0.1600418410041841,0.2684210526315789,0.5281594421905029,0.1789157623702327
role,conformal_calibration,sharp,4168,4168,384,0.09213051823416507,0.05029512809405722,0.16898611011846723,0.02665344975745058,1.243604236506618,0.9775874593123745,0.9006717850287908,0.9036458333333334,0.9003699788583509,343,456,41,3328,0.8932291666666666,0.879492600422833,0.4292866082603254,0.5798816568047337,0.7727217670894997,0.5201662592955661
role,conformal_calibration,aia,4168,4168,384,0.09213051823416507,0.072630888752842,0.25221420035236003,0.009395155954780264,1.1293044888083408,0.32943901108136453,0.9006717850287908,0.9036458333333334,0.9003699788583509,360,2352,24,1432,0.9375,0.3784355179704017,0.13274336283185842,0.23255813953488375,0.31593551797040176,0.08484590408261032
role,conformal_calibration,sharp_aia,4168,4168,384,0.09213051823416507,0.057319041959901784,0.19434829440796156,0.04493773695620064,2.0669726012016616,2.0845636327486887,0.9004318618042226,0.9036458333333334,0.9001057082452432,344,823,40,2961,0.8958333333333334,0.7825052854122622,0.29477292202227934,0.4435847840103159,0.6783386187455955,0.3540261393398933
role,policy_validation,sharp,13142,13142,422,0.032110789834119614,0.020722134739676937,0.08464879818975221,0.010668521020166447,1.2451902969369792,0.3232342914948257,0.9346370415461878,0.7061611374407583,0.9422169811320755,297,970,125,11750,0.7037914691943128,0.9237421383647799,0.23441199684293607,0.3516873889875666,0.6275336075590927,0.3188736570222019
role,policy_validation,aia,13142,13142,422,0.032110789834119614,0.036285443131100076,0.15131150428935747,0.032636939064935776,0.532273706962437,-1.8377987414076924,0.9128747527012632,0.7132701421800948,0.919496855345912,358,6738,64,5982,0.8483412322274881,0.4702830188679245,0.05045095828635851,0.09523809523809523,0.3186242510954127,0.03685545395960106
role,policy_validation,sharp_aia,13142,13142,422,0.032110789834119614,0.025260956990187745,0.10685542897039631,0.02964730992602546,1.690679305828302,0.865385944572741,0.9250494597473748,0.7867298578199052,0.9296383647798742,329,1951,93,10769,0.7796208530805687,0.8466194968553459,0.1442982456140351,0.2435233160621762,0.6262403499359146,0.20017993552191365
role,retrospective_cycle25,sharp,35846,35846,3860,0.10768286559169782,0.07736469461862225,0.26704368704363146,0.030657269651266507,0.7541754886440333,-0.08632099894846985,0.829130167940635,0.7352331606217617,0.8404614518851998,2811,5992,1049,25994,0.7282383419689119,0.8126680422684924,0.3193229580824719,0.4439706230751007,0.5409063842374042,0.34606562528453494
role,retrospective_cycle25,aia,35846,35846,3860,0.10768286559169782,0.09731935173440706,0.3638981530891165,0.06736399445641597,0.5021381963704019,-0.44184272346021414,0.903615466160799,0.6204663212435233,0.937785281060464,2869,12911,991,19075,0.7432642487046632,0.5963546551616332,0.1818124207858048,0.2921588594704684,0.33961890386629645,0.1440460929645013
role,retrospective_cycle25,sharp_aia,35846,35846,3860,0.10768286559169782,0.08119158713474761,0.2739806195571223,0.03727326506525747,0.9810356463847985,0.5224188948854143,0.8540422920270044,0.6922279792746114,0.8735696867379479,2615,6060,1245,25926,0.677461139896373,0.8105421121740761,0.30144092219020174,0.4172317510969286,0.48800325207044914,0.31515853664181903
role,supplementary_2026,sharp,11118,11118,992,0.08922468069796725,0.06909934673687489,0.28147795786330343,0.0473525244763225,0.6559589137895965,-0.02214918864537479,0.8736283504227379,0.43548387096774194,0.9165514517084732,421,1028,571,9098,0.42439516129032256,0.8984791625518467,0.29054520358868186,0.34494059811552635,0.3228743238421692,0.2673294037616372
role,supplementary_2026,aia,11118,11118,992,0.08922468069796725,0.08687185320556018,0.41915843616032245,0.07931631030167835,0.6626858541866365,0.8397139069563636,0.9159920849073574,0.06350806451612903,0.9995062216077425,116,438,876,9688,0.11693548387096774,0.9567450128382382,0.20938628158844766,0.1500646830530401,0.07368049670920596,0.09200156228129865
role,supplementary_2026,sharp_aia,11118,11118,992,0.08922468069796725,0.07430385044525065,0.3032388822996914,0.05967151250121744,0.8101218723702979,0.7906103745347188,0.9172513041914013,0.34576612903225806,0.9732372111396406,337,481,655,9645,0.3397177419354839,0.9524985186648233,0.4119804400977995,0.37237569060773484,0.29221626060030714,0.3173193530093076
year,2014,sharp,6736,6736,600,0.08907363420427554,0.058895262046568725,0.20381617226518622,0.01503697057705438,0.9124780301012111,-0.09203730242009024,0.8475356294536817,0.8133333333333334,0.8508800521512386,487,1119,113,5017,0.8116666666666666,0.8176336375488917,0.30323785803237857,0.44152311876699907,0.6293003042155583,0.35829840302075033
year,2014,aia,6736,6736,600,0.08907363420427554,0.08099668059542084,0.2915584901486804,0.03666490345404004,0.5559438813428398,-0.882758190957016,0.8972684085510689,0.8216666666666667,0.9046610169491526,567,4060,33,2076,0.945,0.33833116036505867,0.12254160363086233,0.2169504495886742,0.28333116036505857,0.07034585674346737
year,2014,sharp_aia,6736,6736,600,0.08907363420427554,0.06316658556098972,0.21842760626247543,0.025010831239589984,1.4808107135167492,0.8681753459073945,0.8491686460807601,0.8316666666666667,0.8508800521512386,492,1714,108,4422,0.82,0.720664928292047,0.2230281051677244,0.35067712045616534,0.5406649282920468,0.24492556178116226
year,2015,sharp,7764,7764,600,0.07727975270479134,0.04152954779479283,0.14325657320583776,0.017959342696577178,1.2728858367417626,0.8644326469209994,0.913961875321999,0.8833333333333333,0.9165270798436628,525,744,75,6420,0.875,0.8961474036850922,0.41371158392434987,0.5617977528089887,0.771147403685092,0.510420448970428
year,2015,aia,7764,7764,600,0.07727975270479134,0.06911499914258334,0.25107746292308014,0.017837945482625996,0.7023863672021518,-0.7022994862464405,0.8853683668212262,0.815,0.8912618648799553,547,4552,53,2612,0.9116666666666666,0.3646007816862088,0.10727593645812905,0.19196350236883666,0.27626744835287553,0.062290214527627244
year,2015,sharp_aia,7764,7764,600,0.07727975270479134,0.050328656958829786,0.17708325107225645,0.041126641702226185,1.972866128798392,1.7535824071781068,0.8923235445646573,0.885,0.8929369067560022,527,1554,73,5610,0.8783333333333333,0.7830820770519263,0.2532436328688131,0.3931368892204401,0.6614154103852596,0.31040669973999463
year,2016,sharp,5052,5052,54,0.010688836104513063,0.010658924638591168,0.05207915690999401,0.017723557372511325,1.2611812903613921,-0.4143398953776407,0.9364608076009501,0.42592592592592593,0.9419767907162865,23,393,31,4605,0.42592592592592593,0.9213685474189676,0.055288461538461536,0.09787234042553192,0.3472944733448935,0.08047350689758198
year,2016,aia,5052,5052,54,0.010688836104513063,0.01866805368015802,0.093988807711783,0.053985462783135575,0.7661965398066443,-2.437597779639282,0.9267616785431513,0.9814814814814815,0.9261704681872749,54,2808,0,2190,1.0,0.4381752701080432,0.018867924528301886,0.037037037037037035,0.43817527010804325,0.016399335040661364
year,2016,sharp_aia,5052,5052,54,0.010688836104513063,0.012642846345782945,0.06987748844803096,0.03550996555651343,1.5740703722391622,-0.29512738942256644,0.9315122723673792,0.7592592592592593,0.9333733493397359,39,706,15,4292,0.7222222222222222,0.8587434973989596,0.052348993288590606,0.09762202753441801,0.5809657196211817,0.07926921746937884
year,2017,sharp,2518,2518,142,0.056393963463065924,0.035591806891553945,0.1393840031687157,0.02120784995994203,1.146358226623862,0.8785376206474601,0.9364575059571089,0.647887323943662,0.9537037037037037,92,151,50,2225,0.647887323943662,0.9364478114478114,0.3786008230452675,0.4779220779220779,0.5843351353914734,0.43790772729998734
year,2017,aia,2518,2518,142,0.056393963463065924,0.05311892046176537,0.20697884787038978,0.02426212469977442,0.6271849661806012,-1.0482369400071847,0.9003177124702144,0.7464788732394366,0.9095117845117845,117,1322,25,1054,0.823943661971831,0.4436026936026936,0.08130646282140375,0.14800759013282733,0.26754635557452455,0.05053800343869829
year,2017,sharp_aia,2518,2518,142,0.056393963463065924,0.040744264917560565,0.15712675706971177,0.029862486425754745,1.559091750605425,1.2400945401016588,0.9336775218427323,0.7535211267605634,0.9444444444444444,107,385,35,1991,0.7535211267605634,0.8379629629629629,0.21747967479674796,0.33753943217665616,0.5914840897235263,0.27399490898506473
year,2018,sharp,1213,1213,0,0.0,0.004553009235054684,0.030566968425758578,0.027658112262349755,,,0.9258037922506183,,0.9258037922506183,0,110,0,1103,,0.909315746084089,0.0,,,0.0
year,2018,aia,1213,1213,0,0.0,0.0017434797657590463,0.02354077911009084,0.022560650490811636,,,0.9909315746084089,,0.9909315746084089,0,266,0,947,,0.7807089859851608,0.0,,,0.0
year,2018,sharp_aia,1213,1213,0,0.0,0.0022929750114057427,0.02642321545107007,0.025109381376580697,,,0.9785655399835119,,0.9785655399835119,0,73,0,1140,,0.9398186314921682,0.0,,,0.0
year,2019,sharp,763,763,10,0.01310615989515072,0.013804878554228787,0.06997906294208327,0.006832327727674376,0.5621090851787153,-1.87347115766968,0.9554390563564875,0.0,0.9681274900398407,0,28,10,725,0.0,0.9628154050464808,0.0,,-0.03718459495351922,-0.019694731659281144
year,2019,aia,763,763,10,0.01310615989515072,0.01677679519920861,0.0862909485536948,0.01764711434423159,0.09830029431036563,-3.9040888128306883,0.9515072083879423,0.0,0.9641434262948207,0,142,10,611,0.0,0.8114209827357237,0.0,,-0.18857901726427628,-0.02510253146655353
year,2019,sharp_aia,763,763,10,0.01310615989515072,0.01426798628494812,0.07699314680628874,0.009712075645633316,0.25175772434813687,-3.262394741136566,0.9672346002621232,0.0,0.9800796812749004,0,56,10,697,0.0,0.9256308100929614,0.0,,-0.07436918990703856,-0.022746659084446973
year,2021,sharp,4351,4351,188,0.043208457825787173,0.034427481187700074,0.11513154346817148,0.020993222167620066,0.992650968198252,-0.20824092055711382,0.9142725810158584,0.8457446808510638,0.9173672832092241,156,418,32,3745,0.8297872340425532,0.8995916406437665,0.27177700348432055,0.4094488188976378,0.7293788746863197,0.36832946298890384
year,2021,aia,4351,4351,188,0.043208457825787173,0.040459097092741605,0.16952525385519776,0.010888700597020075,0.6448762622215808,-0.8352402896748491,0.9586301999540335,0.5106382978723404,0.9788613980302666,114,1491,74,2672,0.6063829787234043,0.6418448234446312,0.07102803738317758,0.12716118237590632,0.24822780216803553,0.053981021867184745
year,2021,sharp_aia,4351,4351,188,0.043208457825787173,0.034362428026404955,0.12038326577695498,0.015334344986918642,1.3806665996104428,0.8225740292021951,0.9342679843714089,0.7606382978723404,0.942109055969253,136,402,52,3761,0.723404255319149,0.9034350228200817,0.2527881040892193,0.37465564738292007,0.6268392781392307,0.33186923354274495
year,2022,sharp,7639,7639,707,0.09255138107082078,0.07456924580299946,0.276559640231936,0.045788092607130106,0.6573746877344036,-0.22996248122177027,0.8408168608456604,0.5643564356435643,0.8690132717830352,395,1036,312,5896,0.5586987270155587,0.8505481823427582,0.27603074772886094,0.3695042095416277,0.40924690935831687,0.28034430405790917
year,2022,aia,7639,7639,707,0.09255138107082078,0.08745344213604896,0.31993620998716155,0.06115983755255103,0.44494756035861394,-0.9093399594575811,0.9075795261159838,0.7312588401697313,0.9255626081938835,606,3649,101,3283,0.8571428571428571,0.473600692440854,0.14242068155111634,0.24425634824667475,0.330743549583711,0.10166466864115156
year,2022,sharp_aia,7639,7639,707,0.09255138107082078,0.07675489221758673,0.27291124834374303,0.03174256699901111,0.8353489381984915,0.08841325207572207,0.8486712920539338,0.5403111739745403,0.8801211771494518,371,1328,336,5604,0.5247524752475248,0.8084246970571264,0.2183637433784579,0.30839567747298424,0.33317717230465105,0.20440271569566543
year,2023,sharp,9211,9211,1074,0.11659971772880252,0.09134677399477215,0.3275743688056041,0.04305709445466127,0.5911387054351342,-0.4010273364426542,0.787645206817935,0.6657355679702048,0.8037360206464299,713,1888,361,6249,0.6638733705772812,0.7679734545901438,0.27412533640907344,0.38802721088435377,0.431846825167425,0.26705624364617275
year,2023,aia,9211,9211,1074,0.11659971772880252,0.10520989264153122,0.37850507142886786,0.0668011785168213,0.45997614633818823,-0.6526544754985724,0.8838345456519379,0.6899441340782123,0.9094260784072754,913,4466,161,3671,0.8500931098696461,0.4511490721396092,0.16973415132924335,0.28296916163024954,0.30124218200925545,0.10995614425555865
year,2023,sharp_aia,9211,9211,1074,0.11659971772880252,0.09171727220473057,0.3167303597036131,0.034529730640803856,0.8098952657837588,0.07210222934152609,0.8113125610682879,0.6824953445065177,0.8283151038466265,724,2093,350,6044,0.6741154562383612,0.7427798943099423,0.2570110046148385,0.3721408378308918,0.4168953505483035,0.24460677459546004
year,2024,sharp,7072,7072,1259,0.17802601809954752,0.09704984963526064,0.31574912553815077,0.044201347933936715,0.8778006563655072,0.33021325963264186,0.8034502262443439,0.8570293884034949,0.7918458627214863,1071,1398,188,4415,0.8506751389992058,0.7595045587476346,0.43377885783718106,0.5745708154506438,0.6101796977468403,0.4432953729087825
year,2024,aia,7072,7072,1259,0.17802601809954752,0.14983834512129932,0.5035144914355086,0.12029627970063111,0.628179157735387,0.3373458090106823,0.8813631221719457,0.7513899920571883,0.909513160158266,1085,2700,174,3113,0.8617950754567116,0.5355238259074488,0.2866578599735799,0.4302141157811261,0.3973189013641605,0.22247476314374248
year,2024,sharp_aia,7072,7072,1259,0.17802601809954752,0.11288780757147042,0.35209810322503904,0.07273213914353466,1.1437805851178524,1.0320967814322353,0.8311651583710408,0.8363780778395552,0.8300361259246516,1037,1395,222,4418,0.8236695790309769,0.7600206433855152,0.4263980263157895,0.5619073421836901,0.5836902224164922,0.42762712163025773
year,2025,sharp,7573,7573,632,0.08345437739337119,0.06946450971555887,0.22561814888815795,0.030463541452076692,0.7791470105230727,-0.24649918664371304,0.8428628020599498,0.7689873417721519,0.849589396340585,476,1252,156,5689,0.7531645569620253,0.8196225327762571,0.27546296296296297,0.4033898305084746,0.5727870897382825,0.3203260970999143
year,2025,aia,7573,7573,632,0.08345437739337119,0.08129803360950559,0.3717722714450494,0.0737347709870261,0.4604157197277477,-0.3094086376522068,0.9128482767727453,0.15031645569620253,0.9822792104884023,151,605,481,6336,0.2389240506329114,0.9128367670364501,0.19973544973544974,0.2175792507204611,0.15176081766936145,0.13933635699589986
year,2025,sharp_aia,7573,7573,632,0.08345437739337119,0.07017056873312008,0.23836148737802243,0.04367526418967447,0.9285514014895956,0.5768724560738259,0.8867027598045689,0.5712025316455697,0.91543005330644,347,842,285,6099,0.5490506329113924,0.8786918311482496,0.29184188393608074,0.3811092806150467,0.4277424640596421,0.3054123865506977
year,2026,sharp,11118,11118,992,0.08922468069796725,0.06909934673687489,0.28147795786330343,0.0473525244763225,0.6559589137895965,-0.02214918864537479,0.8736283504227379,0.43548387096774194,0.9165514517084732,421,1028,571,9098,0.42439516129032256,0.8984791625518467,0.29054520358868186,0.34494059811552635,0.3228743238421692,0.2673294037616372
year,2026,aia,11118,11118,992,0.08922468069796725,0.08687185320556018,0.41915843616032245,0.07931631030167835,0.6626858541866365,0.8397139069563636,0.9159920849073574,0.06350806451612903,0.9995062216077425,116,438,876,9688,0.11693548387096774,0.9567450128382382,0.20938628158844766,0.1500646830530401,0.07368049670920596,0.09200156228129865
year,2026,sharp_aia,11118,11118,992,0.08922468069796725,0.07430385044525065,0.3032388822996914,0.05967151250121744,0.8101218723702979,0.7906103745347188,0.9172513041914013,0.34576612903225806,0.9732372111396406,337,481,655,9645,0.3397177419354839,0.9524985186648233,0.4119804400977995,0.37237569060773484,0.29221626060030714,0.3173193530093076
