grouping,group,branch,cases,positives,prevalence,brier,brier_reference_train_climatology,brier_skill_train_climatology,log_loss,ece_equal_width_10,calibration_slope,calibration_intercept
regime,cycle24_earlier_development,sharp,24046,1406,0.05847126341179406,0.036541581709662804,0.05505298858485135,0.33624708396452496,0.132649685983606,0.005602795333830938,1.110264297674637,0.2672292484444722
regime,cycle24_earlier_development,aia,24046,1406,0.05847126341179406,0.05511030851041825,0.05505298858485135,-0.0010411773645777611,0.2080887701106581,0.021690936668592273,0.6931854007061166,-0.9186912740159251
regime,cycle24_earlier_development,sharp_aia,24046,1406,0.05847126341179406,0.041436221575012255,0.05505298858485135,0.24733928819962292,0.1532756422858424,0.030301519172420757,1.7119788962395526,1.1719881885148125
regime,cycle25_2021_2025_diagnostic,sharp,35846,3860,0.10768286559169782,0.07736469461862225,0.09858677283170283,0.21526293643173333,0.26704368704363146,0.030657269651266503,0.7541754886440333,-0.08632099894846985
regime,cycle25_2021_2025_diagnostic,aia,35846,3860,0.10768286559169782,0.09731935173440706,0.09858677283170283,0.01285589395911546,0.3638981530891165,0.06736399445641597,0.5021381963704019,-0.44184272346021414
regime,cycle25_2021_2025_diagnostic,sharp_aia,35846,3860,0.10768286559169782,0.08119158713474761,0.09858677283170283,0.17644543174823757,0.2739806195571223,0.03727326506525748,0.9810356463847985,0.5224188948854143
regime,supplementary_2026_locked,sharp,11118,992,0.08922468069796725,0.06909934673687489,0.08225821202170136,0.15997023228945095,0.28147795786330343,0.04735252447632251,0.6559589137895965,-0.02214918864537479
regime,supplementary_2026_locked,aia,11118,992,0.08922468069796725,0.08687185320556018,0.08225821202170136,-0.05608730205127288,0.41915843616032245,0.07931631030167835,0.6626858541866365,0.8397139069563636
regime,supplementary_2026_locked,sharp_aia,11118,992,0.08922468069796725,0.07430385044525065,0.08225821202170136,0.0966999085070338,0.3032388822996914,0.059671512501217445,0.8101218723702979,0.7906103745347188
year,2014,sharp,6736,600,0.08907363420427554,0.058895262046568725,0.08212459260724742,0.28285474330168825,0.20381617226518622,0.015036970577054378,0.9124780301012111,-0.09203730242009024
year,2014,aia,6736,600,0.08907363420427554,0.08099668059542084,0.08212459260724742,0.013734156554306431,0.2915584901486804,0.03666490345404004,0.5559438813428398,-0.882758190957016
year,2014,sharp_aia,6736,600,0.08907363420427554,0.06316658556098972,0.08212459260724742,0.23084445772440476,0.21842760626247543,0.025010831239589984,1.4808107135167492,0.8681753459073945
year,2015,sharp,7764,600,0.07727975270479134,0.04152954779479283,0.07169143721526253,0.42071815815192604,0.14325657320583776,0.01795934269657718,1.2728858367417626,0.8644326469209994
year,2015,aia,7764,600,0.07727975270479134,0.06911499914258334,0.07169143721526253,0.03593787728014297,0.25107746292308014,0.017837945482626,0.7023863672021518,-0.7022994862464405
year,2015,sharp_aia,7764,600,0.07727975270479134,0.050328656958829786,0.07169143721526253,0.2979823126196831,0.17708325107225645,0.04112664170222617,1.972866128798392,1.7535824071781068
year,2016,sharp,5052,54,0.010688836104513063,0.010658924638591168,0.01278348730786401,0.16619586018330668,0.052079156909994,0.017723557372511325,1.2611812903613921,-0.4143398953776407
year,2016,aia,5052,54,0.010688836104513063,0.01866805368015802,0.01278348730786401,-0.460325592741349,0.093988807711783,0.053985462783135554,0.7661965398066443,-2.437597779639282
year,2016,sharp_aia,5052,54,0.010688836104513063,0.012642846345782945,0.01278348730786401,0.01100176803825248,0.06987748844803096,0.03550996555651344,1.5740703722391622,-0.29512738942256644
year,2017,sharp,2518,142,0.056393963463065924,0.035591806891553945,0.0532153583558389,0.33117415740095757,0.1393840031687157,0.02120784995994203,1.146358226623862,0.8785376206474601
year,2017,aia,2518,142,0.056393963463065924,0.05311892046176537,0.0532153583558389,0.0018122191986130742,0.20697884787038978,0.02426212469977442,0.6271849661806012,-1.0482369400071847
year,2017,sharp_aia,2518,142,0.056393963463065924,0.040744264917560565,0.0532153583558389,0.23435139447689124,0.15712675706971177,0.02986248642575474,1.559091750605425,1.2400945401016588
year,2018,sharp,1213,0,0.0,0.004553009235054684,0.0033278820397662735,-0.36814021069522496,0.030566968425758578,0.02765811226234975,,
year,2018,aia,1213,0,0.0,0.0017434797657590463,0.0033278820397662735,0.47609928930008116,0.02354077911009084,0.022560650490811636,,
year,2018,sharp_aia,1213,0,0.0,0.0022929750114057427,0.0033278820397662735,0.3109806826065311,0.026423215451070063,0.025109381376580697,,
year,2019,sharp,763,10,0.01310615989515072,0.013804878554228787,0.014921910925361576,0.0748585336502886,0.06997906294208327,0.006832327727674375,0.5621090851787153,-1.87347115766968
year,2019,aia,763,10,0.01310615989515072,0.01677679519920861,0.014921910925361576,-0.12430608138093335,0.0862909485536948,0.01764711434423159,0.09830029431036563,-3.9040888128306883
year,2019,sharp_aia,763,10,0.01310615989515072,0.01426798628494812,0.014921910925361576,0.04382311646841641,0.07699314680628874,0.009712075645633315,0.25175772434813687,-3.262394741136566
year,2021,sharp,4351,188,0.043208457825787173,0.034427481187700074,0.041551138290405965,0.17144312757252966,0.11513154346817149,0.020993222167620066,0.992650968198252,-0.20824092055711382
year,2021,aia,4351,188,0.043208457825787173,0.040459097092741605,0.041551138290405965,0.026281859958491416,0.16952525385519776,0.010888700597020075,0.6448762622215808,-0.8352402896748491
year,2021,sharp_aia,4351,188,0.043208457825787173,0.034362428026404955,0.041551138290405965,0.17300874439968983,0.12038326577695495,0.015334344986918644,1.3806665996104428,0.8225740292021951
year,2022,sharp,7639,707,0.09255138107082078,0.07456924580299946,0.08520109235622676,0.12478533149288062,0.276559640231936,0.045788092607130106,0.6573746877344036,-0.22996248122177027
year,2022,aia,7639,707,0.09255138107082078,0.08745344213604896,0.08520109235622676,-0.026435691345424228,0.31993620998716155,0.061159837552551034,0.44494756035861394,-0.9093399594575811
year,2022,sharp_aia,7639,707,0.09255138107082078,0.07675489221758673,0.08520109235622676,0.09913253345774453,0.27291124834374303,0.03174256699901111,0.8353489381984915,0.08841325207572207
year,2023,sharp,9211,1074,0.11659971772880252,0.09134677399477215,0.1064748378387859,0.1420811165443543,0.3275743688056041,0.04305709445466128,0.5911387054351342,-0.4010273364426542
year,2023,aia,9211,1074,0.11659971772880252,0.10520989264153122,0.1064748378387859,0.011880226567425711,0.37850507142886786,0.0668011785168213,0.45997614633818823,-0.6526544754985724
year,2023,sharp_aia,9211,1074,0.11659971772880252,0.09171727220473057,0.1064748378387859,0.13860143798856817,0.31673035970361313,0.03452973064080386,0.8098952657837588,0.07210222934152609
year,2024,sharp,7072,1259,0.17802601809954752,0.09704984963526064,0.160814042192395,0.3965088600959862,0.31574912553815065,0.044201347933936715,0.8778006563655072,0.33021325963264186
year,2024,aia,7072,1259,0.17802601809954752,0.14983834512129932,0.160814042192395,0.06825086243379519,0.5035144914355086,0.12029627970063114,0.628179157735387,0.3373458090106823
year,2024,sharp_aia,7072,1259,0.17802601809954752,0.11288780757147042,0.160814042192395,0.298022697318848,0.35209810322503904,0.07273213914353466,1.1437805851178524,1.0320967814322353
year,2025,sharp,7573,632,0.08345437739337119,0.06946450971555887,0.07715366090014161,0.09966022473690073,0.22561814888815795,0.030463541452076692,0.7791470105230727,-0.24649918664371304
year,2025,aia,7573,632,0.08345437739337119,0.08129803360950559,0.07715366090014161,-0.053715827104146685,0.3717722714450494,0.0737347709870261,0.4604157197277477,-0.3094086376522068
year,2025,sharp_aia,7573,632,0.08345437739337119,0.07017056873312008,0.07715366090014161,0.09050888947524605,0.23836148737802243,0.043675264189674476,0.9285514014895956,0.5768724560738259
year,2026,sharp,11118,992,0.08922468069796725,0.06909934673687489,0.08225821202170136,0.15997023228945095,0.28147795786330343,0.04735252447632251,0.6559589137895965,-0.02214918864537479
year,2026,aia,11118,992,0.08922468069796725,0.08687185320556018,0.08225821202170136,-0.05608730205127288,0.41915843616032245,0.07931631030167835,0.6626858541866365,0.8397139069563636
year,2026,sharp_aia,11118,992,0.08922468069796725,0.07430385044525065,0.08225821202170136,0.0966999085070338,0.3032388822996914,0.059671512501217445,0.8101218723702979,0.7906103745347188
role,conformal_calibration,sharp,4168,384,0.09213051823416507,0.05029512809405722,0.08482878682019668,0.40709834503866116,0.16898611011846723,0.02665344975745058,1.243604236506618,0.9775874593123745
role,conformal_calibration,aia,4168,384,0.09213051823416507,0.072630888752842,0.08482878682019668,0.14379432412736692,0.25221420035236003,0.009395155954780264,1.1293044888083408,0.32943901108136453
role,conformal_calibration,sharp_aia,4168,384,0.09213051823416507,0.057319041959901784,0.08482878682019668,0.3242972803395694,0.19434829440796156,0.044937736956200645,2.0669726012016616,2.0845636327486887
role,model_validation,sharp,3905,416,0.10653008962868117,0.0691706751556309,0.09756699908250721,0.2910443509988767,0.2267682885903689,0.02884998563172263,0.922849243903078,0.1631090848306835
role,model_validation,aia,3905,416,0.10653008962868117,0.09760103850382808,0.09756699908250721,-0.0003488825283237684,0.34967352734292184,0.05243004513993253,0.41622461436799535,-0.9890958120350033
role,model_validation,sharp_aia,3905,416,0.10653008962868117,0.0755314666611453,0.09756699908250721,0.22585026318917156,0.2512671414887216,0.024271968754176594,1.3957897038305376,0.9848895577212866
role,policy_validation,sharp,13142,422,0.032110789834119614,0.020722134739676937,0.03173387035780987,0.3470026030223221,0.08464879818975218,0.010668521020166445,1.2451902969369792,0.3232342914948257
role,policy_validation,aia,13142,422,0.032110789834119614,0.036285443131100076,0.03173387035780987,-0.14342948786169862,0.15131150428935747,0.032636939064935776,0.532273706962437,-1.8377987414076924
role,policy_validation,sharp_aia,13142,422,0.032110789834119614,0.025260956990187745,0.03173387035780987,0.20397491054945038,0.10685542897039631,0.029647309926025465,1.690679305828302,0.865385944572741
role,probability_calibration,sharp,2831,184,0.06499470151889791,0.0447216526538143,0.060823781132189295,0.26473409213708665,0.1721566829505136,0.02884578147707239,0.9070877132609029,-0.4874908624487102
role,probability_calibration,aia,2831,184,0.06499470151889791,0.0580931067231742,0.060823781132189295,0.04489484800493537,0.21139627882988388,0.02486127123429779,1.0968731108585212,-0.20144933920983943
role,probability_calibration,sharp_aia,2831,184,0.06499470151889791,0.046110824099983884,0.060823781132189295,0.24189481085086617,0.17312969560952904,0.05049793413325502,1.740223720229633,0.8122515126914177
role,retrospective_cycle25,sharp,35846,3860,0.10768286559169782,0.07736469461862225,0.09858677283170283,0.21526293643173333,0.26704368704363146,0.030657269651266503,0.7541754886440333,-0.08632099894846985
role,retrospective_cycle25,aia,35846,3860,0.10768286559169782,0.09731935173440706,0.09858677283170283,0.01285589395911546,0.3638981530891165,0.06736399445641597,0.5021381963704019,-0.44184272346021414
role,retrospective_cycle25,sharp_aia,35846,3860,0.10768286559169782,0.08119158713474761,0.09858677283170283,0.17644543174823757,0.2739806195571223,0.03727326506525748,0.9810356463847985,0.5224188948854143
role,supplementary_2026,sharp,11118,992,0.08922468069796725,0.06909934673687489,0.08225821202170136,0.15997023228945095,0.28147795786330343,0.04735252447632251,0.6559589137895965,-0.02214918864537479
role,supplementary_2026,aia,11118,992,0.08922468069796725,0.08687185320556018,0.08225821202170136,-0.05608730205127288,0.41915843616032245,0.07931631030167835,0.6626858541866365,0.8397139069563636
role,supplementary_2026,sharp_aia,11118,992,0.08922468069796725,0.07430385044525065,0.08225821202170136,0.0966999085070338,0.3032388822996914,0.059671512501217445,0.8101218723702979,0.7906103745347188
