metric,comparison,mean_bootstrap_delta,ci2.5,ci97.5,probability_delta_gt_0
f1,q90_minus_fusion,0.001488655596213673,-0.0031538661860104024,0.006657275981638576,0.7138
f1,q90_minus_sharp,0.028856432874223764,0.01342202985799448,0.04404570084220996,1.0
hss,q90_minus_fusion,0.0006245816478181893,-0.004640904600844041,0.0063016505726289675,0.5784
hss,q90_minus_sharp,0.050574528383743635,0.033843029171309956,0.06688236648851091,1.0
precision,q90_minus_fusion,-0.005112477199642472,-0.012015265235865361,0.0018674380572010244,0.0692
precision,q90_minus_sharp,0.11636014321212658,0.09725633524528472,0.13520928736492457,1.0
recall,q90_minus_fusion,0.006086088709677419,0.0020161290322580627,0.011088709677419373,0.9978
recall,q90_minus_sharp,-0.07861048387096774,-0.09475806451612906,-0.0625,0.0
specificity,q90_minus_fusion,-0.0018847521232470874,-0.0030614260319968833,-0.0006912897491606618,0.0008
specificity,q90_minus_sharp,0.05217967608137467,0.04799525972743435,0.05649071696622558,1.0
tss,q90_minus_fusion,0.004201336586430331,-0.0002757593037405748,0.009529126553809109,0.966
tss,q90_minus_sharp,-0.026430807789593065,-0.043882583480404955,-0.009545935925085937,0.0008
