signal,regime,signal_bin,cases,positives,signal_mean,sharp_error_rate,aia_error_rate,fusion_error_rate,sharp_flare_coverage,aia_flare_coverage,fusion_flare_coverage
sharp_aia_probability_gap,cycle24_earlier_development,"(-inf, 0.0278]",12023,160,0.008633468133740916,0.045828828079514265,0.2517674457290194,0.03884221908009648,0.375,0.525,0.33125
sharp_aia_probability_gap,cycle24_earlier_development,"(0.0278, 0.0934]",6011,233,0.054471744975656176,0.15471635335218767,0.900848444518383,0.12027948760605557,0.6866952789699571,0.8884120171673819,0.6008583690987125
sharp_aia_probability_gap,cycle24_earlier_development,"(0.0934, 0.207]",3607,286,0.14124250117386447,0.21097865261990573,0.8918769060160798,0.5159412253950652,0.7447552447552448,0.8251748251748252,0.9020979020979021
sharp_aia_probability_gap,cycle24_earlier_development,"(0.207, 0.3]",1202,183,0.24603989087504302,0.23128119800332778,0.8186356073211315,0.8477537437603994,0.8579234972677595,0.8688524590163934,1.0
sharp_aia_probability_gap,cycle24_earlier_development,"(0.3, 0.556]",962,366,0.3893018031580956,0.2505197505197505,0.606029106029106,0.6195426195426196,0.9972677595628415,0.8333333333333334,1.0
sharp_aia_probability_gap,cycle24_earlier_development,"(0.556, inf]",241,178,0.645451490147138,0.26141078838174275,0.18672199170124482,0.26141078838174275,1.0,0.8426966292134831,1.0
sharp_aia_probability_gap,cycle25_2021_2025_diagnostic,"(-inf, 0.0278]",20010,592,0.007496106987719738,0.04812593703148426,0.17471264367816092,0.04337831084457771,0.22297297297297297,0.3783783783783784,0.17060810810810811
sharp_aia_probability_gap,cycle25_2021_2025_diagnostic,"(0.0278, 0.0934]",7233,834,0.05365181082624079,0.27416009954375775,0.6803539333609844,0.20226738559380616,0.5323741007194245,0.6882494004796164,0.3369304556354916
sharp_aia_probability_gap,cycle25_2021_2025_diagnostic,"(0.0934, 0.207]",4085,776,0.14064663382279222,0.47123623011015914,0.6905752753977968,0.5175030599755202,0.836340206185567,0.6894329896907216,0.8144329896907216
sharp_aia_probability_gap,cycle25_2021_2025_diagnostic,"(0.207, 0.3]",1626,379,0.24932109508078468,0.511070110701107,0.6691266912669127,0.7669126691266913,0.8865435356200527,0.7335092348284961,1.0
sharp_aia_probability_gap,cycle25_2021_2025_diagnostic,"(0.3, 0.556]",2182,824,0.4081313758393541,0.49679193400549954,0.583409715857012,0.6223648029330889,0.9975728155339806,0.6638349514563107,1.0
sharp_aia_probability_gap,cycle25_2021_2025_diagnostic,"(0.556, inf]",710,455,0.6403853168183822,0.3591549295774648,0.4267605633802817,0.3591549295774648,1.0,0.5208791208791209,1.0
sharp_aia_probability_gap,supplementary_2026_locked,"(-inf, 0.0278]",8618,440,0.005002105901445591,0.05128800185657925,0.0675330703179392,0.05117196565328382,0.00909090909090909,0.013636363636363636,0.004545454545454545
sharp_aia_probability_gap,supplementary_2026_locked,"(0.0278, 0.0934]",1309,186,0.05150729869812198,0.2734912146676853,0.25362872421695953,0.14209320091673033,0.3333333333333333,0.08602150537634409,0.04838709677419355
sharp_aia_probability_gap,supplementary_2026_locked,"(0.0934, 0.207]",555,74,0.13619972813135284,0.8198198198198198,0.23783783783783785,0.2972972972972973,1.0,0.14864864864864866,0.5405405405405406
sharp_aia_probability_gap,supplementary_2026_locked,"(0.207, 0.3]",177,25,0.24899207186581893,0.8587570621468926,0.1864406779661017,0.8587570621468926,1.0,0.28,1.0
sharp_aia_probability_gap,supplementary_2026_locked,"(0.3, 0.556]",256,102,0.4068737491789597,0.6015625,0.34375,0.6015625,1.0,0.1568627450980392,1.0
sharp_aia_probability_gap,supplementary_2026_locked,"(0.556, inf]",203,165,0.6760492035892319,0.18719211822660098,0.7241379310344828,0.18719211822660098,1.0,0.04242424242424243,1.0
fusion_seed_std,cycle24_earlier_development,"(-inf, 0.0122]",12023,197,0.003902977381664437,0.043416784496381935,0.21725027031522914,0.025035348914580386,0.5228426395939086,0.27918781725888325,0.39593908629441626
fusion_seed_std,cycle24_earlier_development,"(0.0122, 0.0388]",6011,469,0.0238242273078187,0.17717517883879555,0.8956912327399768,0.17917151888204957,0.8336886993603412,0.767590618336887,0.814498933901919
fusion_seed_std,cycle24_earlier_development,"(0.0388, 0.0629]",3607,369,0.05043131969650764,0.2004435819240366,0.8985306348766288,0.4444136401441641,0.8130081300813008,0.962059620596206,0.94579945799458
fusion_seed_std,cycle24_earlier_development,"(0.0629, 0.0749]",1202,153,0.06835100542363719,0.2021630615640599,0.872712146422629,0.6880199667221298,0.8888888888888888,1.0,0.9869281045751634
fusion_seed_std,cycle24_earlier_development,"(0.0749, 0.0931]",962,143,0.08258531172247661,0.18503118503118504,0.8513513513513513,0.7879417879417879,0.9090909090909091,1.0,1.0
fusion_seed_std,cycle24_earlier_development,"(0.0931, inf]",241,75,0.10325452615888049,0.38589211618257263,0.6887966804979253,0.6763485477178424,0.9733333333333334,1.0,1.0
fusion_seed_std,cycle25_2021_2025_diagnostic,"(-inf, 0.0122]",21921,866,0.003499846468042402,0.08033392637197208,0.15697276584097442,0.05314538570320697,0.39838337182448036,0.1859122401847575,0.2113163972286374
fusion_seed_std,cycle25_2021_2025_diagnostic,"(0.0122, 0.0388]",8275,1581,0.023336072349081634,0.35915407854984893,0.7504531722054381,0.34078549848942596,0.8121442125237192,0.5717900063251107,0.7280202403542062
fusion_seed_std,cycle25_2021_2025_diagnostic,"(0.0388, 0.0629]",3439,798,0.04980158939874174,0.3599883687118348,0.7734806629834254,0.5321314335562664,0.8508771929824561,0.8959899749373433,0.9072681704260651
fusion_seed_std,cycle25_2021_2025_diagnostic,"(0.0629, 0.0749]",944,212,0.06833189805202522,0.4491525423728814,0.7733050847457628,0.6832627118644068,0.8537735849056604,1.0,1.0
fusion_seed_std,cycle25_2021_2025_diagnostic,"(0.0749, 0.0931]",838,275,0.08287797275499537,0.45584725536992843,0.6682577565632458,0.649164677804296,0.8436363636363636,1.0,0.9963636363636363
fusion_seed_std,cycle25_2021_2025_diagnostic,"(0.0931, inf]",429,128,0.10297776177610314,0.6153846153846154,0.7016317016317016,0.7016317016317016,0.9140625,1.0,1.0
fusion_seed_std,supplementary_2026_locked,"(-inf, 0.0122]",10246,761,0.002387187967256977,0.11575248877610775,0.08559437829396838,0.07681046261955886,0.2720105124835742,0.006570302233902759,0.19579500657030224
fusion_seed_std,supplementary_2026_locked,"(0.0122, 0.0388]",804,204,0.021569737929146352,0.4937810945273632,0.47885572139303484,0.41044776119402987,0.9705882352941176,0.23529411764705882,0.8235294117647058
fusion_seed_std,supplementary_2026_locked,"(0.0388, 0.0629]",57,19,0.045671031683507494,0.22807017543859648,0.7894736842105263,0.2807017543859649,1.0,0.42105263157894735,0.9473684210526315
fusion_seed_std,supplementary_2026_locked,"(0.0629, 0.0749]",8,7,0.06502392348438753,0.125,0.625,0.125,1.0,0.14285714285714285,1.0
fusion_seed_std,supplementary_2026_locked,"(0.0749, 0.0931]",3,1,0.07767425182691234,0.6666666666666666,0.6666666666666666,0.6666666666666666,1.0,1.0,1.0
sharp_seed_std,cycle24_earlier_development,"(-inf, 0.00202]",12023,78,0.0009356523867455492,0.007818348166015138,0.43766114946352824,0.08350661232637445,0.08974358974358974,0.6282051282051282,0.2564102564102564
sharp_seed_std,cycle24_earlier_development,"(0.00202, 0.00505]",6011,105,0.0032002624069868,0.033937780735318585,0.6825819331226085,0.18915321909831975,0.19047619047619047,0.6952380952380952,0.5047619047619047
sharp_seed_std,cycle24_earlier_development,"(0.00505, 0.0171]",3607,357,0.009185812854822168,0.29442750207929025,0.7116717493762129,0.3637371777100083,0.6834733893557423,0.7955182072829131,0.7254901960784313
sharp_seed_std,cycle24_earlier_development,"(0.0171, 0.0284]",1202,341,0.02220805647478708,0.6589018302828619,0.6031613976705491,0.538269550748752,0.9882697947214076,0.844574780058651,0.9618768328445748
sharp_seed_std,cycle24_earlier_development,"(0.0284, 0.0494]",962,417,0.03676114516173881,0.5613305613305614,0.5114345114345115,0.5280665280665281,1.0,0.8705035971223022,0.9832134292565947
sharp_seed_std,cycle24_earlier_development,"(0.0494, inf]",241,108,0.06583598715876375,0.5477178423236515,0.5062240663900415,0.5020746887966805,1.0,0.7777777777777778,1.0
sharp_seed_std,cycle25_2021_2025_diagnostic,"(-inf, 0.00202]",15228,318,0.0009881429588524159,0.022392960336222748,0.23923036511688994,0.046624638823220384,0.02830188679245283,0.4937106918238994,0.07547169811320754
sharp_seed_std,cycle25_2021_2025_diagnostic,"(0.00202, 0.00505]",7943,410,0.003206556740203718,0.06697721264006043,0.46053128540853583,0.1433967014981745,0.17804878048780487,0.5658536585365853,0.22926829268292684
sharp_seed_std,cycle25_2021_2025_diagnostic,"(0.00505, 0.0171]",6507,984,0.009680725992819583,0.3550023052097741,0.5094513600737667,0.31996311664361454,0.6443089430894309,0.6605691056910569,0.5701219512195121
sharp_seed_std,cycle25_2021_2025_diagnostic,"(0.0171, 0.0284]",2558,740,0.022200935584479102,0.6548084440969507,0.5437842064112588,0.5297107114933541,0.9648648648648649,0.6986486486486486,0.8337837837837838
sharp_seed_std,cycle25_2021_2025_diagnostic,"(0.0284, 0.0494]",2634,991,0.03743924083357867,0.6165527714502658,0.5167046317388003,0.5584662110858011,1.0,0.6740665993945509,0.9737638748738647
sharp_seed_std,cycle25_2021_2025_diagnostic,"(0.0494, inf]",976,417,0.06209172828260053,0.5727459016393442,0.5471311475409836,0.5614754098360656,1.0,0.41007194244604317,0.9856115107913669
sharp_seed_std,supplementary_2026_locked,"(-inf, 0.00202]",6847,294,0.0008977490079943449,0.044106908134949614,0.06440776982620125,0.04381480940557909,0.013605442176870748,0.006802721088435374,0.0
sharp_seed_std,supplementary_2026_locked,"(0.00202, 0.00505]",1913,178,0.003169994640924846,0.10820700470465237,0.13068478829064298,0.0967067433350758,0.10112359550561797,0.016853932584269662,0.016853932584269662
sharp_seed_std,supplementary_2026_locked,"(0.00505, 0.0171]",1483,237,0.009160296834750819,0.35603506405933916,0.23196223870532703,0.16925151719487525,0.5527426160337553,0.046413502109704644,0.3881856540084388
sharp_seed_std,supplementary_2026_locked,"(0.0171, 0.0284]",396,107,0.02198403839180845,0.6666666666666666,0.29797979797979796,0.38636363636363635,0.9626168224299065,0.16822429906542055,0.8598130841121495
sharp_seed_std,supplementary_2026_locked,"(0.0284, 0.0494]",300,90,0.03718515060776006,0.6833333333333333,0.30666666666666664,0.53,1.0,0.16666666666666666,0.8888888888888888
sharp_seed_std,supplementary_2026_locked,"(0.0494, inf]",179,86,0.0680849886981035,0.5195530726256983,0.3854748603351955,0.49162011173184356,1.0,0.16279069767441862,0.8837209302325582
aia_seed_std,cycle24_earlier_development,"(-inf, 0.0239]",12023,288,0.007302317712840781,0.05655826332862014,0.20244531314979622,0.034101305830491556,0.6840277777777778,0.2604166666666667,0.5902777777777778
aia_seed_std,cycle24_earlier_development,"(0.0239, 0.076]",6011,471,0.04640263045300189,0.16037265014140742,0.9103310597238397,0.16902345699550825,0.8259023354564756,0.8895966029723992,0.802547770700637
aia_seed_std,cycle24_earlier_development,"(0.076, 0.123]",3607,341,0.09914838533771678,0.19767119489880788,0.9054616024397005,0.42833379539783756,0.8211143695014663,1.0,0.9560117302052786
aia_seed_std,cycle24_earlier_development,"(0.123, 0.146]",1202,131,0.13386276882903864,0.20881863560732114,0.8910149750415973,0.6763727121464226,0.8396946564885496,1.0,0.9847328244274809
aia_seed_std,cycle24_earlier_development,"(0.146, 0.182]",962,118,0.16150509061787027,0.1683991683991684,0.8773388773388774,0.7941787941787942,0.8898305084745762,1.0,1.0
aia_seed_std,cycle24_earlier_development,"(0.182, inf]",241,57,0.19657080275869732,0.22406639004149378,0.7634854771784232,0.7510373443983402,0.9122807017543859,1.0,1.0
aia_seed_std,cycle25_2021_2025_diagnostic,"(-inf, 0.0239]",23618,1478,0.005665098703441084,0.12587856719451265,0.17321534422897789,0.08933864002032348,0.648849797023004,0.14546684709066307,0.4912043301759134
aia_seed_std,cycle25_2021_2025_diagnostic,"(0.0239, 0.076]",6920,1244,0.0451735753791829,0.2732658959537572,0.8151734104046243,0.2897398843930636,0.7588424437299035,0.837620578778135,0.7106109324758842
aia_seed_std,cycle25_2021_2025_diagnostic,"(0.076, 0.123]",3337,656,0.09871007926077856,0.38028169014084506,0.803416242133653,0.5474977524722805,0.8048780487804879,1.0,0.8871951219512195
aia_seed_std,cycle25_2021_2025_diagnostic,"(0.123, 0.146]",916,201,0.13375881635048512,0.4039301310043668,0.7805676855895196,0.6735807860262009,0.8905472636815921,1.0,0.9950248756218906
aia_seed_std,cycle25_2021_2025_diagnostic,"(0.146, 0.182]",748,212,0.16162936060944522,0.46524064171123,0.7165775401069518,0.6818181818181818,0.8018867924528302,1.0,0.9952830188679245
aia_seed_std,cycle25_2021_2025_diagnostic,"(0.182, inf]",307,69,0.19617841432989788,0.6188925081433225,0.7752442996742671,0.7687296416938111,0.8405797101449275,1.0,1.0
aia_seed_std,supplementary_2026_locked,"(-inf, 0.0239]",10769,913,0.0030677775340829886,0.14356021914755315,0.09768780759587706,0.09963784938248677,0.39759036144578314,0.014238773274917854,0.30558598028477546
aia_seed_std,supplementary_2026_locked,"(0.0239, 0.076]",314,72,0.04272491385085521,0.1592356687898089,0.7452229299363057,0.18471337579617833,0.8611111111111112,0.5972222222222222,0.7916666666666666
aia_seed_std,supplementary_2026_locked,"(0.076, 0.123]",34,6,0.09017055306173963,0.08823529411764706,0.8235294117647058,0.14705882352941177,1.0,1.0,1.0
aia_seed_std,supplementary_2026_locked,"(0.146, 0.182]",1,1,0.1574124115203148,0.0,0.0,0.0,1.0,1.0,1.0
fusion_entropy,cycle24_earlier_development,"(-inf, 0.138]",12023,71,0.07093846321623627,0.005905348082841221,0.2520169674789986,0.005905348082841221,0.0,0.0,0.0
fusion_entropy,cycle24_earlier_development,"(0.138, 0.292]",6011,155,0.20768960232826938,0.09000166361670271,0.9178173348860422,0.025786058892031276,0.34838709677419355,0.7225806451612903,0.0
fusion_entropy,cycle24_earlier_development,"(0.292, 0.451]",3607,264,0.36059512892821854,0.3099528694205711,0.9043526476296091,0.8355974494039368,0.6742424242424242,0.7878787878787878,0.9924242424242424
fusion_entropy,cycle24_earlier_development,"(0.451, 0.557]",1202,219,0.5007634652616993,0.4908485856905158,0.8111480865224625,0.8178036605657238,0.9315068493150684,0.8264840182648402,1.0
fusion_entropy,cycle24_earlier_development,"(0.557, 0.672]",962,515,0.6155596011853157,0.4625779625779626,0.446985446985447,0.46465696465696466,1.0,0.8893203883495145,1.0
fusion_entropy,cycle24_earlier_development,"(0.672, inf]",241,182,0.6836151629980275,0.24481327800829875,0.23651452282157676,0.24481327800829875,1.0,1.0,1.0
fusion_entropy,cycle25_2021_2025_diagnostic,"(-inf, 0.138]",19585,380,0.06462966969876066,0.01940260403369926,0.13729895328057187,0.01940260403369926,0.0,0.060526315789473685,0.0
fusion_entropy,cycle25_2021_2025_diagnostic,"(0.138, 0.292]",7188,797,0.20429748178342683,0.24874791318864775,0.7200890372843628,0.11087924318308291,0.383939774153074,0.5470514429109159,0.0
fusion_entropy,cycle25_2021_2025_diagnostic,"(0.292, 0.451]",4038,797,0.36744404783763895,0.509162951956414,0.720901436354631,0.7377414561664191,0.8155583437892095,0.685069008782936,0.986198243412798
fusion_entropy,cycle25_2021_2025_diagnostic,"(0.451, 0.557]",2170,560,0.502209762913871,0.5986175115207373,0.7027649769585254,0.7419354838709677,0.9946428571428572,0.7196428571428571,1.0
fusion_entropy,cycle25_2021_2025_diagnostic,"(0.557, 0.672]",2306,981,0.6170862665911413,0.5654813529921943,0.5958369470945359,0.5745880312228968,0.9989806320081549,0.6758409785932722,1.0
fusion_entropy,cycle25_2021_2025_diagnostic,"(0.672, inf]",559,345,0.6853199449344651,0.3828264758497317,0.40608228980322003,0.3828264758497317,1.0,0.9391304347826087,1.0
fusion_entropy,supplementary_2026_locked,"(-inf, 0.138]",9053,504,0.05311146650530129,0.05567215287749917,0.06638683309400199,0.05567215287749917,0.0,0.001984126984126984,0.0
fusion_entropy,supplementary_2026_locked,"(0.138, 0.292]",1205,144,0.19941900974170393,0.4887966804979253,0.2937759336099585,0.11950207468879669,0.6111111111111112,0.06944444444444445,0.0
fusion_entropy,supplementary_2026_locked,"(0.292, 0.451]",388,68,0.36434772902886775,0.7989690721649485,0.26804123711340205,0.7525773195876289,1.0,0.29411764705882354,0.9852941176470589
fusion_entropy,supplementary_2026_locked,"(0.451, 0.557]",178,53,0.4996836757077499,0.702247191011236,0.34269662921348315,0.702247191011236,1.0,0.1320754716981132,1.0
fusion_entropy,supplementary_2026_locked,"(0.557, 0.672]",285,214,0.6277333628786405,0.24912280701754386,0.6631578947368421,0.24912280701754386,1.0,0.11214953271028037,1.0
fusion_entropy,supplementary_2026_locked,"(0.672, inf]",9,9,0.6747132823094806,0.0,0.5555555555555556,0.0,1.0,0.1111111111111111,1.0
