horizon_hours,role,method,bin,left,right,count,mean_probability,observed_fraction,ece_equal_width_10
3,policy_validation,raw,0,0.0,0.1,13422,0.002589714465930692,0.0018626136194307853,0.0017746601583601375
3,policy_validation,raw,1,0.1,0.2,63,0.12425167184500466,0.3492063492063492,0.0017746601583601375
3,policy_validation,raw,2,0.2,0.30000000000000004,0,,,0.0017746601583601375
3,policy_validation,raw,3,0.30000000000000004,0.4,0,,,0.0017746601583601375
3,policy_validation,raw,4,0.4,0.5,0,,,0.0017746601583601375
3,policy_validation,raw,5,0.5,0.6000000000000001,0,,,0.0017746601583601375
3,policy_validation,raw,6,0.6000000000000001,0.7000000000000001,0,,,0.0017746601583601375
3,policy_validation,raw,7,0.7000000000000001,0.8,0,,,0.0017746601583601375
3,policy_validation,raw,8,0.8,0.9,0,,,0.0017746601583601375
3,policy_validation,raw,9,0.9,1.0,0,,,0.0017746601583601375
3,policy_validation,platt,0,0.0,0.1,13378,0.001857175070395137,0.0015697413664224847,0.0010688287692852763
3,policy_validation,platt,1,0.1,0.2,96,0.13702345945570785,0.1875,0.0010688287692852763
3,policy_validation,platt,2,0.2,0.30000000000000004,11,0.20708000274420335,0.7272727272727273,0.0010688287692852763
3,policy_validation,platt,3,0.30000000000000004,0.4,0,,,0.0010688287692852763
3,policy_validation,platt,4,0.4,0.5,0,,,0.0010688287692852763
3,policy_validation,platt,5,0.5,0.6000000000000001,0,,,0.0010688287692852763
3,policy_validation,platt,6,0.6000000000000001,0.7000000000000001,0,,,0.0010688287692852763
3,policy_validation,platt,7,0.7000000000000001,0.8,0,,,0.0010688287692852763
3,policy_validation,platt,8,0.8,0.9,0,,,0.0010688287692852763
3,policy_validation,platt,9,0.9,1.0,0,,,0.0010688287692852763
3,retrospective_cycle25,raw,0,0.0,0.1,44059,0.006488501633791426,0.006287024217526499,0.0009862334888553466
3,retrospective_cycle25,raw,1,0.1,0.2,653,0.12902141698636588,0.08269525267993874,0.0009862334888553466
3,retrospective_cycle25,raw,2,0.2,0.30000000000000004,23,0.2177705935378005,0.43478260869565216,0.0009862334888553466
3,retrospective_cycle25,raw,3,0.30000000000000004,0.4,0,,,0.0009862334888553466
3,retrospective_cycle25,raw,4,0.4,0.5,0,,,0.0009862334888553466
3,retrospective_cycle25,raw,5,0.5,0.6000000000000001,0,,,0.0009862334888553466
3,retrospective_cycle25,raw,6,0.6000000000000001,0.7000000000000001,0,,,0.0009862334888553466
3,retrospective_cycle25,raw,7,0.7000000000000001,0.8,0,,,0.0009862334888553466
3,retrospective_cycle25,raw,8,0.8,0.9,0,,,0.0009862334888553466
3,retrospective_cycle25,raw,9,0.9,1.0,0,,,0.0009862334888553466
3,retrospective_cycle25,platt,0,0.0,0.1,43656,0.0051830104833889695,0.00577240241891149,0.0024739067332936364
3,retrospective_cycle25,platt,1,0.1,0.2,928,0.13989351964422145,0.05387931034482758,0.0024739067332936364
3,retrospective_cycle25,platt,2,0.2,0.30000000000000004,131,0.23429883298740292,0.22137404580152673,0.0024739067332936364
3,retrospective_cycle25,platt,3,0.30000000000000004,0.4,20,0.3287304987233811,0.5,0.0024739067332936364
3,retrospective_cycle25,platt,4,0.4,0.5,0,,,0.0024739067332936364
3,retrospective_cycle25,platt,5,0.5,0.6000000000000001,0,,,0.0024739067332936364
3,retrospective_cycle25,platt,6,0.6000000000000001,0.7000000000000001,0,,,0.0024739067332936364
3,retrospective_cycle25,platt,7,0.7000000000000001,0.8,0,,,0.0024739067332936364
3,retrospective_cycle25,platt,8,0.8,0.9,0,,,0.0024739067332936364
3,retrospective_cycle25,platt,9,0.9,1.0,0,,,0.0024739067332936364
3,supplementary_2026,raw,0,0.0,0.1,12001,0.003338744453738984,0.01008249312557287,0.007792270389847891
3,supplementary_2026,raw,1,0.1,0.2,96,0.12154825942383869,0.2604166666666667,0.007792270389847891
3,supplementary_2026,raw,2,0.2,0.30000000000000004,0,,,0.007792270389847891
3,supplementary_2026,raw,3,0.30000000000000004,0.4,0,,,0.007792270389847891
3,supplementary_2026,raw,4,0.4,0.5,0,,,0.007792270389847891
3,supplementary_2026,raw,5,0.5,0.6000000000000001,0,,,0.007792270389847891
3,supplementary_2026,raw,6,0.6000000000000001,0.7000000000000001,0,,,0.007792270389847891
3,supplementary_2026,raw,7,0.7000000000000001,0.8,0,,,0.007792270389847891
3,supplementary_2026,raw,8,0.8,0.9,0,,,0.007792270389847891
3,supplementary_2026,raw,9,0.9,1.0,0,,,0.007792270389847891
3,supplementary_2026,platt,0,0.0,0.1,11939,0.0023123195364341434,0.00963229751235447,0.007916032354824513
3,supplementary_2026,platt,1,0.1,0.2,141,0.13429606080068637,0.18439716312056736,0.007916032354824513
3,supplementary_2026,platt,2,0.2,0.30000000000000004,17,0.21748406384140237,0.29411764705882354,0.007916032354824513
3,supplementary_2026,platt,3,0.30000000000000004,0.4,0,,,0.007916032354824513
3,supplementary_2026,platt,4,0.4,0.5,0,,,0.007916032354824513
3,supplementary_2026,platt,5,0.5,0.6000000000000001,0,,,0.007916032354824513
3,supplementary_2026,platt,6,0.6000000000000001,0.7000000000000001,0,,,0.007916032354824513
3,supplementary_2026,platt,7,0.7000000000000001,0.8,0,,,0.007916032354824513
3,supplementary_2026,platt,8,0.8,0.9,0,,,0.007916032354824513
3,supplementary_2026,platt,9,0.9,1.0,0,,,0.007916032354824513
24,policy_validation,raw,0,0.0,0.1,12794,0.006217868395942164,0.0019540409566984524,0.006390242500199045
24,policy_validation,raw,1,0.1,0.2,272,0.13963580351578542,0.16911764705882354,0.006390242500199045
24,policy_validation,raw,2,0.2,0.30000000000000004,127,0.24248326198244344,0.23622047244094488,0.006390242500199045
24,policy_validation,raw,3,0.30000000000000004,0.4,42,0.34086515033055864,0.5714285714285714,0.006390242500199045
24,policy_validation,raw,4,0.4,0.5,34,0.45007868111133575,0.38235294117647056,0.006390242500199045
24,policy_validation,raw,5,0.5,0.6000000000000001,40,0.5563374365369478,0.725,0.006390242500199045
24,policy_validation,raw,6,0.6000000000000001,0.7000000000000001,11,0.6381222497333179,0.36363636363636365,0.006390242500199045
24,policy_validation,raw,7,0.7000000000000001,0.8,0,,,0.006390242500199045
24,policy_validation,raw,8,0.8,0.9,0,,,0.006390242500199045
24,policy_validation,raw,9,0.9,1.0,0,,,0.006390242500199045
24,policy_validation,raw,0,0.0,0.1,12794,0.006217868395942164,0.0019540409566984524,0.006390242500199045
24,policy_validation,raw,1,0.1,0.2,272,0.13963580351578542,0.16911764705882354,0.006390242500199045
24,policy_validation,raw,2,0.2,0.30000000000000004,127,0.24248326198244344,0.23622047244094488,0.006390242500199045
24,policy_validation,raw,3,0.30000000000000004,0.4,42,0.34086515033055864,0.5714285714285714,0.006390242500199045
24,policy_validation,raw,4,0.4,0.5,34,0.45007868111133575,0.38235294117647056,0.006390242500199045
24,policy_validation,raw,5,0.5,0.6000000000000001,40,0.5563374365369478,0.725,0.006390242500199045
24,policy_validation,raw,6,0.6000000000000001,0.7000000000000001,11,0.6381222497333179,0.36363636363636365,0.006390242500199045
24,policy_validation,raw,7,0.7000000000000001,0.8,0,,,0.006390242500199045
24,policy_validation,raw,8,0.8,0.9,0,,,0.006390242500199045
24,policy_validation,raw,9,0.9,1.0,0,,,0.006390242500199045
24,retrospective_cycle25,raw,0,0.0,0.1,36441,0.010634987911784221,0.020142147581021376,0.016354432953648565
24,retrospective_cycle25,raw,1,0.1,0.2,1982,0.14414068816224684,0.17457114026236126,0.016354432953648565
24,retrospective_cycle25,raw,2,0.2,0.30000000000000004,1119,0.2455418145604207,0.19302949061662197,0.016354432953648565
24,retrospective_cycle25,raw,3,0.30000000000000004,0.4,688,0.3451940464577818,0.31540697674418605,0.016354432953648565
24,retrospective_cycle25,raw,4,0.4,0.5,338,0.44468671556643,0.2781065088757396,0.016354432953648565
24,retrospective_cycle25,raw,5,0.5,0.6000000000000001,305,0.5491655147466503,0.23934426229508196,0.016354432953648565
24,retrospective_cycle25,raw,6,0.6000000000000001,0.7000000000000001,161,0.647873270215455,0.5093167701863354,0.016354432953648565
24,retrospective_cycle25,raw,7,0.7000000000000001,0.8,49,0.7220741392803841,0.9183673469387755,0.016354432953648565
24,retrospective_cycle25,raw,8,0.8,0.9,18,0.8089090409102263,1.0,0.016354432953648565
24,retrospective_cycle25,raw,9,0.9,1.0,0,,,0.016354432953648565
24,retrospective_cycle25,raw,0,0.0,0.1,36441,0.010634987911784221,0.020142147581021376,0.016354432953648565
24,retrospective_cycle25,raw,1,0.1,0.2,1982,0.14414068816224684,0.17457114026236126,0.016354432953648565
24,retrospective_cycle25,raw,2,0.2,0.30000000000000004,1119,0.2455418145604207,0.19302949061662197,0.016354432953648565
24,retrospective_cycle25,raw,3,0.30000000000000004,0.4,688,0.3451940464577818,0.31540697674418605,0.016354432953648565
24,retrospective_cycle25,raw,4,0.4,0.5,338,0.44468671556643,0.2781065088757396,0.016354432953648565
24,retrospective_cycle25,raw,5,0.5,0.6000000000000001,305,0.5491655147466503,0.23934426229508196,0.016354432953648565
24,retrospective_cycle25,raw,6,0.6000000000000001,0.7000000000000001,161,0.647873270215455,0.5093167701863354,0.016354432953648565
24,retrospective_cycle25,raw,7,0.7000000000000001,0.8,49,0.7220741392803841,0.9183673469387755,0.016354432953648565
24,retrospective_cycle25,raw,8,0.8,0.9,18,0.8089090409102263,1.0,0.016354432953648565
24,retrospective_cycle25,raw,9,0.9,1.0,0,,,0.016354432953648565
24,supplementary_2026,raw,0,0.0,0.1,11268,0.008061162861843803,0.03336883209087682,0.02713937175410004
24,supplementary_2026,raw,1,0.1,0.2,226,0.14098921880279844,0.20353982300884957,0.02713937175410004
24,supplementary_2026,raw,2,0.2,0.30000000000000004,94,0.2430523930394903,0.2872340425531915,0.02713937175410004
24,supplementary_2026,raw,3,0.30000000000000004,0.4,83,0.3536887198806287,0.2289156626506024,0.02713937175410004
24,supplementary_2026,raw,4,0.4,0.5,73,0.45656150518214855,0.4794520547945205,0.02713937175410004
24,supplementary_2026,raw,5,0.5,0.6000000000000001,50,0.5385017995039623,0.6,0.02713937175410004
24,supplementary_2026,raw,6,0.6000000000000001,0.7000000000000001,11,0.6337857427019061,0.7272727272727273,0.02713937175410004
24,supplementary_2026,raw,7,0.7000000000000001,0.8,3,0.7083558440208435,1.0,0.02713937175410004
24,supplementary_2026,raw,8,0.8,0.9,0,,,0.02713937175410004
24,supplementary_2026,raw,9,0.9,1.0,0,,,0.02713937175410004
24,supplementary_2026,raw,0,0.0,0.1,11268,0.008061162861843803,0.03336883209087682,0.02713937175410004
24,supplementary_2026,raw,1,0.1,0.2,226,0.14098921880279844,0.20353982300884957,0.02713937175410004
24,supplementary_2026,raw,2,0.2,0.30000000000000004,94,0.2430523930394903,0.2872340425531915,0.02713937175410004
24,supplementary_2026,raw,3,0.30000000000000004,0.4,83,0.3536887198806287,0.2289156626506024,0.02713937175410004
24,supplementary_2026,raw,4,0.4,0.5,73,0.45656150518214855,0.4794520547945205,0.02713937175410004
24,supplementary_2026,raw,5,0.5,0.6000000000000001,50,0.5385017995039623,0.6,0.02713937175410004
24,supplementary_2026,raw,6,0.6000000000000001,0.7000000000000001,11,0.6337857427019061,0.7272727272727273,0.02713937175410004
24,supplementary_2026,raw,7,0.7000000000000001,0.8,3,0.7083558440208435,1.0,0.02713937175410004
24,supplementary_2026,raw,8,0.8,0.9,0,,,0.02713937175410004
24,supplementary_2026,raw,9,0.9,1.0,0,,,0.02713937175410004
