empirical_episode_id,year,HARPNUM,recovery_class,samples,first_time,last_time,explicit_block_ids,explicit_block_rows,span_hours,cadence_steps_equivalent,is_clustered,has_explicit_block_id,mapped_graybox_cases,persistent_mapped_cases
E00334,2025,14117,block_download_or_coverage,78,2025-12-04 12:36:00+00:00,2025-12-09 17:24:00+00:00,,0,124.8,79.0,True,False,61,0
E00191,2025,13652,block_download_or_coverage,69,2025-08-19 05:36:00+00:00,2025-08-23 18:36:00+00:00,,0,109.0,69.125,True,False,5,0
E00212,2025,13722,block_download_or_coverage,68,2025-09-01 23:12:00+00:00,2025-09-06 10:36:00+00:00,,0,107.4,68.125,True,False,45,0
E00336,2025,14138,block_download_or_coverage,68,2025-12-07 10:12:00+00:00,2025-12-11 21:36:00+00:00,,0,107.4,68.125,True,False,36,0
E00351,2025,14191,block_download_or_coverage,68,2025-12-24 12:36:00+00:00,2025-12-28 23:48:00+00:00,,0,107.2,68.0,True,False,13,0
E00016,2025,12808,crop_patch_boundary,67,2025-02-28 05:00:00+00:00,2025-03-04 19:24:00+00:00,2025_HARP12808_20250228_0500_20250301_0324;2025_HARP12808_20250301_0500_20250302_0324;2025_HARP12808_20250302_0500_20250302_0948;2025_HARP12808_20250302_1300_20250303_1124;2025_HARP12808_20250303_1436_20250303_1748;2025_HARP12808_20250303_2100_20250304_1924,67,110.4,70.0,True,True,0,0
E00328,2025,14090,block_download_or_coverage,67,2025-11-26 07:00:00+00:00,2025-11-30 18:12:00+00:00,,0,107.2,68.0,True,False,17,0
E00206,2025,13694,block_download_or_coverage,67,2025-08-23 19:24:00+00:00,2025-08-28 05:24:00+00:00,,0,106.0,67.25,True,False,55,0
E00215,2025,13730,block_download_or_coverage,63,2025-09-04 04:24:00+00:00,2025-09-08 13:00:00+00:00,,0,104.6,66.375,True,False,0,0
E00218,2025,13747,block_download_or_coverage,62,2025-09-06 13:36:00+00:00,2025-09-10 17:24:00+00:00,,0,99.8,63.375,True,False,51,0
E00043,2025,13424,block_download_or_coverage,61,2025-06-27 19:36:00+00:00,2025-07-01 23:24:00+00:00,,0,99.8,63.375,True,False,25,0
E00329,2025,14108,block_download_or_coverage,60,2025-11-29 00:24:00+00:00,2025-12-03 07:12:00+00:00,,0,102.8,65.25,True,False,15,0
E00194,2025,13663,block_download_or_coverage,60,2025-08-18 20:00:00+00:00,2025-08-22 18:36:00+00:00,,0,94.6,60.125,True,False,0,0
E00284,2025,13930,block_download_or_coverage,60,2025-10-24 01:48:00+00:00,2025-10-28 00:12:00+00:00,,0,94.4,60.0,True,False,28,0
E00228,2025,13784,block_download_or_coverage,58,2025-09-20 14:24:00+00:00,2025-09-24 12:36:00+00:00,,0,94.2,59.875,True,False,35,0
E00249,2025,13852,block_download_or_coverage,58,2025-10-04 08:00:00+00:00,2025-10-08 03:36:00+00:00,,0,91.6,58.25,True,False,52,0
E00276,2025,13901,block_download_or_coverage,56,2025-10-18 21:12:00+00:00,2025-10-22 18:36:00+00:00,,0,93.4,59.375,True,False,31,0
E00049,2025,13434,block_download_or_coverage,56,2025-06-26 20:12:00+00:00,2025-06-30 16:24:00+00:00,,0,92.2,58.625,True,False,19,0
E00225,2025,13777,block_download_or_coverage,56,2025-09-18 19:00:00+00:00,2025-09-22 12:00:00+00:00,,0,89.0,56.625,True,False,35,0
E00022,2025,12961,crop_patch_boundary,53,2025-03-27 02:12:00+00:00,2025-03-30 18:12:00+00:00,2025_HARP12961_20250327_0212_20250328_0036;2025_HARP12961_20250328_0212_20250329_0036;2025_HARP12961_20250329_0212_20250329_0212;2025_HARP12961_20250329_0524_20250329_1812;2025_HARP12961_20250329_2124_20250329_2300;2025_HARP12961_20250330_0212_20250330_1812,53,88.0,56.0,True,True,0,0
E00254,2025,13859,block_download_or_coverage,53,2025-10-04 04:00:00+00:00,2025-10-07 15:12:00+00:00,,0,83.2,53.0,True,False,6,0
E00331,2025,14111,block_download_or_coverage,52,2025-12-04 07:36:00+00:00,2025-12-07 22:00:00+00:00,,0,86.4,55.0,True,False,11,0
E00307,2025,14024,block_download_or_coverage,52,2025-11-14 12:36:00+00:00,2025-11-17 23:48:00+00:00,,0,83.2,53.0,True,False,16,0
E00300,2025,14003,block_download_or_coverage,52,2025-11-08 13:00:00+00:00,2025-11-11 22:36:00+00:00,,0,81.6,52.0,True,False,39,0
E00346,2025,14176,block_download_or_coverage,51,2025-12-21 18:36:00+00:00,2025-12-25 04:24:00+00:00,,0,81.8,52.125,True,False,31,0
E00183,2025,13624,block_download_or_coverage,51,2025-08-14 07:48:00+00:00,2025-08-17 17:24:00+00:00,,0,81.6,52.0,True,False,18,0
E00347,2025,14177,block_download_or_coverage,50,2025-12-19 20:48:00+00:00,2025-12-23 04:48:00+00:00,,0,80.0,51.0,True,False,16,0
E00202,2025,13676,block_download_or_coverage,49,2025-08-21 05:12:00+00:00,2025-08-24 16:24:00+00:00,,0,83.2,53.0,True,False,5,0
E00173,2025,13597,block_download_or_coverage,48,2025-08-10 08:24:00+00:00,2025-08-13 16:24:00+00:00,,0,80.0,51.0,True,False,18,0
E00042,2025,13415,block_download_or_coverage,47,2025-06-24 21:12:00+00:00,2025-06-28 01:24:00+00:00,,0,76.2,48.625,True,False,14,0
