year,status,events
2010,retained_original_daily_supported,1
2010,unresolved_no_exact_xra_peak,2
2011,filled_missing_direct_xra,1
2011,retained_original_daily_supported,10
2011,unresolved_conflicting_swpc_regions,2
2011,unresolved_no_exact_xra_peak,19
2011,unresolved_no_qualified_region_evidence,9
2012,retained_original_daily_supported,12
2012,unresolved_no_exact_xra_peak,19
2012,unresolved_no_qualified_region_evidence,12
2013,retained_original_daily_supported,7
2013,unresolved_no_exact_xra_peak,10
2013,unresolved_no_qualified_region_evidence,6
2014,retained_original_daily_supported,16
2014,unresolved_no_exact_xra_peak,57
2014,unresolved_no_qualified_region_evidence,11
2015,filled_missing_direct_xra,2
2015,retained_original_daily_supported,10
2015,unresolved_no_exact_xra_peak,16
2015,unresolved_no_qualified_region_evidence,4
2015,unresolved_reference_daily_conflict,1
2016,retained_original_daily_supported,7
2016,unresolved_no_qualified_region_evidence,1
2017,filled_missing_direct_xra,49
2017,unresolved_no_exact_xra_peak,9
2017,unresolved_no_qualified_region_evidence,2
2017,unresolved_reference_daily_conflict,1
2018,filled_missing_direct_xra,1
2019,filled_missing_direct_xra,2
2019,unresolved_no_exact_xra_peak,1
2020,unresolved_no_qualified_region_evidence,2
2021,retained_original_daily_supported,1
2021,unresolved_no_exact_xra_peak,2
2021,unresolved_no_qualified_region_evidence,1
2022,retained_original_daily_supported,13
2022,unresolved_conflicting_swpc_regions,2
2022,unresolved_no_exact_xra_peak,15
2022,unresolved_no_qualified_region_evidence,18
2023,retained_original_daily_supported,22
2023,unresolved_conflicting_swpc_regions,5
2023,unresolved_multiple_swpc_groups,2
2023,unresolved_no_exact_xra_peak,21
2023,unresolved_no_qualified_region_evidence,10
2024,retained_original_daily_supported,63
2024,unresolved_conflicting_swpc_regions,4
2024,unresolved_no_exact_xra_peak,60
2024,unresolved_no_qualified_region_evidence,35
2025,retained_original_daily_supported,23
2025,unresolved_missing_daily_source,1
2025,unresolved_multiple_swpc_groups,1
2025,unresolved_no_exact_xra_peak,9
2025,unresolved_no_qualified_region_evidence,18
2026,retained_original_daily_supported,8
2026,unresolved_no_exact_xra_peak,10
2026,unresolved_no_qualified_region_evidence,5
