horizon_hours,scope,input_cohort,original_science_label,adjudicated_candidate_label,cases
48,primary,cycle24,0,0,49172
48,primary,cycle24,0,<NA>,312
48,primary,cycle24,1,1,2170
48,primary,cycle24,1,<NA>,4
48,primary,cycle24,<NA>,0,107
48,primary,cycle24,<NA>,1,86
48,primary,cycle24,<NA>,<NA>,4020
48,primary,not_in_matched_inputs,0,0,33811
48,primary,not_in_matched_inputs,0,<NA>,545
48,primary,not_in_matched_inputs,1,1,2044
48,primary,not_in_matched_inputs,1,<NA>,9
48,primary,not_in_matched_inputs,<NA>,0,30
48,primary,not_in_matched_inputs,<NA>,1,34
48,primary,not_in_matched_inputs,<NA>,<NA>,3460
48,primary,primary_cycle25,0,0,35188
48,primary,primary_cycle25,0,<NA>,1056
48,primary,primary_cycle25,1,1,2975
48,primary,primary_cycle25,1,<NA>,44
48,primary,primary_cycle25,<NA>,<NA>,6140
48,primary,supplementary_2026,0,0,10645
48,primary,supplementary_2026,0,<NA>,134
48,primary,supplementary_2026,1,1,786
48,primary,supplementary_2026,<NA>,<NA>,594
48,patch,cycle24,0,0,48652
48,patch,cycle24,0,<NA>,271
48,patch,cycle24,1,1,2811
48,patch,cycle24,1,<NA>,22
48,patch,cycle24,<NA>,0,107
48,patch,cycle24,<NA>,1,86
48,patch,cycle24,<NA>,<NA>,3922
48,patch,not_in_matched_inputs,0,0,33206
48,patch,not_in_matched_inputs,0,<NA>,489
48,patch,not_in_matched_inputs,1,1,2883
48,patch,not_in_matched_inputs,1,<NA>,31
48,patch,not_in_matched_inputs,<NA>,0,30
48,patch,not_in_matched_inputs,<NA>,1,34
48,patch,not_in_matched_inputs,<NA>,<NA>,3260
48,patch,primary_cycle25,0,0,34075
48,patch,primary_cycle25,0,<NA>,910
48,patch,primary_cycle25,1,1,4649
48,patch,primary_cycle25,1,<NA>,52
48,patch,primary_cycle25,<NA>,<NA>,5717
48,patch,supplementary_2026,0,0,10455
48,patch,supplementary_2026,0,<NA>,117
48,patch,supplementary_2026,1,1,1043
48,patch,supplementary_2026,1,<NA>,17
48,patch,supplementary_2026,<NA>,<NA>,527
72,primary,cycle24,0,0,46959
72,primary,cycle24,0,<NA>,429
72,primary,cycle24,1,1,2818
72,primary,cycle24,1,<NA>,4
72,primary,cycle24,<NA>,0,94
72,primary,cycle24,<NA>,1,111
72,primary,cycle24,<NA>,<NA>,5456
72,primary,not_in_matched_inputs,0,0,31852
72,primary,not_in_matched_inputs,0,<NA>,671
72,primary,not_in_matched_inputs,1,1,2694
72,primary,not_in_matched_inputs,1,<NA>,10
72,primary,not_in_matched_inputs,<NA>,0,38
72,primary,not_in_matched_inputs,<NA>,1,40
72,primary,not_in_matched_inputs,<NA>,<NA>,4628
72,primary,primary_cycle25,0,0,32011
72,primary,primary_cycle25,0,<NA>,1335
72,primary,primary_cycle25,1,1,3860
72,primary,primary_cycle25,1,<NA>,67
72,primary,primary_cycle25,<NA>,<NA>,8130
72,primary,supplementary_2026,0,0,10126
72,primary,supplementary_2026,0,<NA>,206
72,primary,supplementary_2026,1,1,992
72,primary,supplementary_2026,<NA>,<NA>,835
72,patch,cycle24,0,0,46352
72,patch,cycle24,0,<NA>,357
72,patch,cycle24,1,1,3660
72,patch,cycle24,1,<NA>,22
72,patch,cycle24,<NA>,0,94
72,patch,cycle24,<NA>,1,111
72,patch,cycle24,<NA>,<NA>,5275
72,patch,not_in_matched_inputs,0,0,31168
72,patch,not_in_matched_inputs,0,<NA>,594
72,patch,not_in_matched_inputs,1,1,3744
72,patch,not_in_matched_inputs,1,<NA>,35
72,patch,not_in_matched_inputs,<NA>,0,38
72,patch,not_in_matched_inputs,<NA>,1,40
72,patch,not_in_matched_inputs,<NA>,<NA>,4314
72,patch,primary_cycle25,0,0,30783
72,patch,primary_cycle25,0,<NA>,1140
72,patch,primary_cycle25,1,1,5895
72,patch,primary_cycle25,1,<NA>,82
72,patch,primary_cycle25,<NA>,<NA>,7503
72,patch,supplementary_2026,0,0,9896
72,patch,supplementary_2026,0,<NA>,179
72,patch,supplementary_2026,1,1,1309
72,patch,supplementary_2026,1,<NA>,27
72,patch,supplementary_2026,<NA>,<NA>,748
