"row_id","date","group_id","event_bin","selected","type","observatory","quality","start_raw","peak_raw","end_raw","start_utc","peak_utc","end_utc","exact_start_peak","source_time_problem","flare_class","region","raw_line"
"20140201events.txt:30","20140201","20140201:3190","3190","False","FLA","LEA","3","0330","0347","0332","2014-02-01 03:30:00+00:00","2014-02-01 03:47:00+00:00","","False","True","","11967.0","3190       0330   0347      0332  LEA  3   FLA  S11E25    SF                1967"
"20140204events.txt:17","20140204","20140204:4540","4540","False","FLA","LEA","3","0001","2354","0011","2014-02-04 00:01:00+00:00","2014-02-04 23:54:00+00:00","","False","True","","11967.0","4540       0001   2354      0011  LEA  3   FLA  S12W11    SF      ERU       1967"
"20141030events.txt:66","20141030","20141030:6910","6910","False","RBR","SAG","G","1507","1505","1508","2014-10-30 15:07:00+00:00","2014-10-31 15:05:00+00:00","","False","True","","12201.0","6910       1507   1505      1508  SAG  G   RBR  15400     30                2201"
"20200528events.txt:16","20200528","20200528:5340","5340","False","XRA","G16","5","1013","1036","1027","2020-05-28 10:13:00+00:00","2020-05-28 10:36:00+00:00","","False","True","B2.9","","5340       1013   1036      1027  G16  5   XRA  1-8A      B2.9    1.4E-04       "
"20200529events.txt:22","20200529","20200529:5410","5410","False","XRA","G16","5","0649","0659","0075","2020-05-29 06:49:00+00:00","2020-05-29 06:59:00+00:00","","False","True","B1.4","","5410       0649   0659      0075  G16  5   XRA  1-8A      B1.4    1.1E-04       "
"20200529events.txt:42","20200529","20200529:5480","5480","False","XRA","G16","5","1322","1345","1336","2020-05-29 13:22:00+00:00","2020-05-29 13:45:00+00:00","","False","True","B2.6","","5480       1322   1345      1336  G16  5   XRA  1-8A      B2.6    4.6E-05       "
"20220329events.txt:60","20220329","20220329:3740","3740","False","FLA","LEA","3","0737","0953","0816","2022-03-29 07:37:00+00:00","2022-03-29 09:53:00+00:00","","False","True","","12975.0","3740       0737   0953      0816  LEA  3   FLA  N16W10    1F      DSD       2975"
"20220421events.txt:14","20220421","20220421:8100","8100","False","FLA","HOL","3","0000","2330","0008","2022-04-21 00:00:00+00:00","2022-04-21 23:30:00+00:00","","False","True","","12994.0","8100       0000   2330      0008  HOL  3   FLA  N16E28    SF                2994"
"20220503events.txt:81","20220503","20220503:2390","2390","False","FLA","HOL","3","2041","1844","2125","2022-05-03 20:41:00+00:00","2022-05-04 18:44:00+00:00","","False","True","","13004.0","2390       2041   1844      2125  HOL  3   FLA  S15E01    SF                3004"
"20230208events.txt:60","20230208","20230208:6240","6240","True","RNS","SVI","G","1029","1227","1215","2023-02-08 10:29:00+00:00","2023-02-08 12:27:00+00:00","","False","True","","","6240 +     1029   1227      1215  SVI  G   RNS  245       420                   "
"20230715events.txt:105","20230715","20230715:2200","2200","False","FLA","HOL","3","1329","1327","1333","2023-07-15 13:29:00+00:00","2023-07-16 13:27:00+00:00","","False","True","","13367.0","2200       1329   1327      1333  HOL  3   FLA  N11W73    SF                3367"
"20230731events.txt:67","20230731","20230731:8440","8440","True","RNS","SVI","G","1010","1034","1017","2023-07-31 10:10:00+00:00","2023-07-31 10:34:00+00:00","","False","True","","","8440 +     1010   1034      1017  SVI  G   RNS  245       280                   "
"20240322events.txt:89","20240322","20240322:6930","6930","False","FLA","HOL","3","2122","2121","2135","2024-03-22 21:22:00+00:00","2024-03-23 21:21:00+00:00","","False","True","","13615.0","6930       2122   2121      2135  HOL  3   FLA  S14E18    SN      ERU       3615"
"20240726events.txt:66","20240726","20240726:4670","4670","False","FLA","HOL","3","1532","1529","1532","2024-07-26 15:32:00+00:00","2024-07-27 15:29:00+00:00","","False","True","","13766.0","4670       1532   1529      1532  HOL  3   FLA  S10E39    SF      ERU       3766"
"20241015events.txt:103","20241015","20241015:9960","9960","False","FLA","HOL","3","1627","1704","1701","2024-10-15 16:27:00+00:00","2024-10-15 17:04:00+00:00","","False","True","","13852.0","9960       1627   1704      1701  HOL  3   FLA  S09W30    SF      ERU       3852"
"20260704events.txt:16","20260704","20260704:5160","5160","False","FLA","HOL","3","0000","2359","0005","2026-07-04 00:00:00+00:00","2026-07-04 23:59:00+00:00","","False","True","","14478.0","5160       0000   2359      0005  HOL  3   FLA  S05W49    SF                4478"
