horizon_hours,role,policy_state,cases,positives,share_of_known_cases,coverage,flare_cases,flare_coverage
3,train,NORMAL,28443,139,0.9978249429924575,0.8152445241359912,139,0.9424460431654677
3,train,DEGRADED,62,1,0.0021750570075425362,1.0,1,1.0
3,model_validation,NORMAL,4754,60,0.9968546865170895,0.7465292385359698,60,0.9666666666666667
3,model_validation,DEGRADED,15,0,0.003145313482910463,1.0,0,
3,probability_calibration,NORMAL,3928,23,0.9964485032978183,0.8019348268839104,23,0.9565217391304348
3,probability_calibration,DEGRADED,14,0,0.0035514967021816335,1.0,0,
3,conformal_calibration,NORMAL,4722,47,0.9968334388853705,0.8170266836086404,47,1.0
3,conformal_calibration,DEGRADED,15,0,0.0031665611146295125,1.0,0,
3,policy_validation,NORMAL,13467,47,0.9986651835372636,0.8975272889284919,47,0.9574468085106383
3,policy_validation,DEGRADED,18,0,0.0013348164627363737,1.0,0,
3,retrospective_cycle25,NORMAL,44644,337,0.9979657985917068,0.7641788370217723,337,0.9109792284866469
3,retrospective_cycle25,DEGRADED,91,4,0.0020342014082932827,1.0,4,1.0
3,supplementary_2026,NORMAL,12066,146,0.9974373811688848,0.8614288082214487,146,0.636986301369863
3,supplementary_2026,DEGRADED,31,0,0.0025626188311151524,1.0,0,
