alpha,role,route,cases,issued,errors,flare_cases,nonflare_cases,flare_issued,nonflare_issued,true_alerts,false_clears,deferred_flares,false_alerts,true_clears,deferred_nonflares,retention,selective_error,flare_retention,nonflare_retention,alert_fraction_of_all_flares,false_clear_fraction_of_all_flares,deferred_fraction_of_all_flares,false_alert_fraction_of_all_nonflares,false_clear_rate_among_retained_flares,false_alert_rate_among_retained_nonflares,alert_decisions,clear_decisions,alert_precision,clear_error_rate
0.1,policy_validation,all_fallback,156,156,74,46,110,46,110,44,2,0,72,38,0,1.0,0.47435897435897434,1.0,1.0,0.9565217391304348,0.043478260869565216,0.0,0.6545454545454545,0.043478260869565216,0.6545454545454545,116,40,0.3793103448275862,0.05
0.1,policy_validation,ambiguous_gru,62,62,24,2,60,2,60,0,2,0,22,38,0,1.0,0.3870967741935484,1.0,1.0,0.0,1.0,0.0,0.36666666666666664,1.0,0.36666666666666664,22,40,0.0,0.05
0.1,policy_validation,spread_blocked_singleton,94,94,50,44,50,44,50,44,0,0,50,0,0,1.0,0.5319148936170213,1.0,1.0,1.0,0.0,0.0,1.0,0.0,1.0,94,0,0.46808510638297873,
0.1,retrospective_cycle25,all_fallback,2233,2233,1098,752,1481,752,1481,707,45,0,1053,428,0,1.0,0.4917151813703538,1.0,1.0,0.9401595744680851,0.0598404255319149,0.0,0.7110060769750168,0.0598404255319149,0.7110060769750168,1760,473,0.4017045454545455,0.09513742071881606
0.1,retrospective_cycle25,ambiguous_gru,779,779,293,103,676,103,676,58,45,0,248,428,0,1.0,0.3761232349165597,1.0,1.0,0.5631067961165048,0.4368932038834951,0.0,0.3668639053254438,0.4368932038834951,0.3668639053254438,306,473,0.1895424836601307,0.09513742071881606
0.1,retrospective_cycle25,spread_blocked_singleton,1454,1454,805,649,805,649,805,649,0,0,805,0,0,1.0,0.5536451169188445,1.0,1.0,1.0,0.0,0.0,1.0,0.0,1.0,1454,0,0.44635488308115545,
0.1,supplementary_2026,all_fallback,468,468,217,134,334,134,334,133,1,0,216,118,0,1.0,0.4636752136752137,1.0,1.0,0.9925373134328358,0.007462686567164179,0.0,0.6467065868263473,0.007462686567164179,0.6467065868263473,349,119,0.38108882521489973,0.008403361344537815
0.1,supplementary_2026,ambiguous_gru,179,179,52,10,169,10,169,9,1,0,51,118,0,1.0,0.2905027932960894,1.0,1.0,0.9,0.1,0.0,0.30177514792899407,0.1,0.30177514792899407,60,119,0.15,0.008403361344537815
0.1,supplementary_2026,spread_blocked_singleton,289,289,165,124,165,124,165,124,0,0,165,0,0,1.0,0.5709342560553633,1.0,1.0,1.0,0.0,0.0,1.0,0.0,1.0,289,0,0.4290657439446367,
0.05,policy_validation,all_fallback,151,151,71,45,106,45,106,45,0,0,71,35,0,1.0,0.47019867549668876,1.0,1.0,1.0,0.0,0.0,0.6698113207547169,0.0,0.6698113207547169,116,35,0.3879310344827586,0.0
0.05,policy_validation,ambiguous_gru,59,59,23,1,58,1,58,1,0,0,23,35,0,1.0,0.3898305084745763,1.0,1.0,1.0,0.0,0.0,0.39655172413793105,0.0,0.39655172413793105,24,35,0.041666666666666664,0.0
0.05,policy_validation,spread_blocked_singleton,92,92,48,44,48,44,48,44,0,0,48,0,0,1.0,0.5217391304347826,1.0,1.0,1.0,0.0,0.0,1.0,0.0,1.0,92,0,0.4782608695652174,
0.05,retrospective_cycle25,all_fallback,1736,1736,694,556,1180,556,1180,522,34,0,660,520,0,1.0,0.39976958525345624,1.0,1.0,0.9388489208633094,0.06115107913669065,0.0,0.559322033898305,0.06115107913669065,0.559322033898305,1182,554,0.4416243654822335,0.061371841155234655
0.05,retrospective_cycle25,ambiguous_gru,751,751,174,92,659,92,659,58,34,0,140,519,0,1.0,0.23169107856191745,1.0,1.0,0.6304347826086957,0.3695652173913043,0.0,0.212443095599393,0.3695652173913043,0.212443095599393,198,553,0.29292929292929293,0.06148282097649186
0.05,retrospective_cycle25,spread_blocked_singleton,985,985,520,464,521,464,521,464,0,0,520,1,0,1.0,0.5279187817258884,1.0,1.0,1.0,0.0,0.0,0.9980806142034548,0.0,0.9980806142034548,984,1,0.4715447154471545,0.0
0.05,supplementary_2026,all_fallback,418,418,169,126,292,126,292,122,4,0,165,127,0,1.0,0.4043062200956938,1.0,1.0,0.9682539682539683,0.031746031746031744,0.0,0.565068493150685,0.031746031746031744,0.565068493150685,287,131,0.4250871080139373,0.030534351145038167
0.05,supplementary_2026,ambiguous_gru,185,185,41,21,164,21,164,17,4,0,37,127,0,1.0,0.22162162162162163,1.0,1.0,0.8095238095238095,0.19047619047619047,0.0,0.22560975609756098,0.19047619047619047,0.22560975609756098,54,131,0.3148148148148148,0.030534351145038167
0.05,supplementary_2026,spread_blocked_singleton,233,233,128,105,128,105,128,105,0,0,128,0,0,1.0,0.5493562231759657,1.0,1.0,1.0,0.0,0.0,1.0,0.0,1.0,233,0,0.45064377682403434,
