alpha,role,removed_guard,grouping,metric,difference,low,high,groups,groups_with_denominator,valid_repetitions
0.1,policy_validation,support,region_component,retention,0.05440572211231165,0.036920311336537365,0.0739653915869668,313,313,1000
0.1,policy_validation,support,region_component,selective_error,0.09028288163789465,0.05800998114613208,0.1261950608557619,313,145,1000
0.1,policy_validation,support,region_component,alert_fraction_of_all_flares,0.1800947867298578,0.021013093839180822,0.37651035454153226,313,17,1000
0.1,policy_validation,support,region_component,false_clear_fraction_of_all_flares,0.0,0.0,0.0,313,17,1000
0.1,policy_validation,support,region_component,deferred_fraction_of_all_flares,-0.18009478672985785,-0.37651035454153237,-0.021013093839180774,313,17,1000
0.1,policy_validation,support,region_component,false_alert_fraction_of_all_nonflares,0.05023584905660377,0.033020243327152844,0.06964038774377243,313,309,1000
0.1,policy_validation,support,calendar_7day_UTC,retention,0.05440572211231165,0.037209499939250754,0.07256590136054425,181,181,1000
0.1,policy_validation,support,calendar_7day_UTC,selective_error,0.09028288163789465,0.05695670710394844,0.1344786000843126,181,50,1000
0.1,policy_validation,support,calendar_7day_UTC,alert_fraction_of_all_flares,0.1800947867298578,0.039959488272921145,0.33968327372877866,181,19,1000
0.1,policy_validation,support,calendar_7day_UTC,false_clear_fraction_of_all_flares,0.0,0.0,0.0,181,19,1000
0.1,policy_validation,support,calendar_7day_UTC,deferred_fraction_of_all_flares,-0.18009478672985785,-0.3396832737287787,-0.039959488272921125,181,19,1000
0.1,policy_validation,support,calendar_7day_UTC,false_alert_fraction_of_all_nonflares,0.05023584905660377,0.03440438447373255,0.06793628621445824,181,180,1000
0.1,policy_validation,distance,region_component,retention,0.002587125247298705,0.0009877312884356755,0.005138265330140303,313,313,1000
0.1,policy_validation,distance,region_component,selective_error,-0.0005349510471906183,-0.001120455041056348,-0.00018174143931956328,313,145,1000
0.1,policy_validation,distance,region_component,alert_fraction_of_all_flares,0.0,0.0,0.0,313,17,1000
0.1,policy_validation,distance,region_component,false_clear_fraction_of_all_flares,0.0,0.0,0.0,313,17,1000
0.1,policy_validation,distance,region_component,deferred_fraction_of_all_flares,0.0,0.0,0.0,313,17,1000
0.1,policy_validation,distance,region_component,false_alert_fraction_of_all_nonflares,0.0,0.0,0.0,313,309,1000
0.1,policy_validation,distance,calendar_7day_UTC,retention,0.002587125247298705,0.0009340216024052869,0.0052668338363677895,181,181,1000
0.1,policy_validation,distance,calendar_7day_UTC,selective_error,-0.0005349510471906183,-0.0012050862335299649,-0.00017834237057246899,181,50,1000
0.1,policy_validation,distance,calendar_7day_UTC,alert_fraction_of_all_flares,0.0,0.0,0.0,181,19,1000
0.1,policy_validation,distance,calendar_7day_UTC,false_clear_fraction_of_all_flares,0.0,0.0,0.0,181,19,1000
0.1,policy_validation,distance,calendar_7day_UTC,deferred_fraction_of_all_flares,0.0,0.0,0.0,181,19,1000
0.1,policy_validation,distance,calendar_7day_UTC,false_alert_fraction_of_all_nonflares,0.0,0.0,0.0,181,180,1000
0.1,policy_validation,spread,region_component,retention,0.007152640389590625,0.002681181344295046,0.012624601933608112,313,313,1000
0.1,policy_validation,spread,region_component,selective_error,0.007235133722709161,0.0017175589608058376,0.014615654313405325,313,145,1000
0.1,policy_validation,spread,region_component,alert_fraction_of_all_flares,0.10426540284360186,0.021276595744680882,0.20913685936112567,313,17,1000
0.1,policy_validation,spread,region_component,false_clear_fraction_of_all_flares,0.0,0.0,0.0,313,17,1000
0.1,policy_validation,spread,region_component,deferred_fraction_of_all_flares,-0.10426540284360192,-0.20913685936112555,-0.021276595744680882,313,17,1000
0.1,policy_validation,spread,region_component,false_alert_fraction_of_all_nonflares,0.003930817610062892,0.0011819634015790195,0.007707675701309292,313,309,1000
0.1,policy_validation,spread,calendar_7day_UTC,retention,0.007152640389590625,0.002963988484219658,0.012208689842316262,181,181,1000
0.1,policy_validation,spread,calendar_7day_UTC,selective_error,0.007235133722709161,0.0017568329046361846,0.01462784279520478,181,50,1000
0.1,policy_validation,spread,calendar_7day_UTC,alert_fraction_of_all_flares,0.10426540284360186,0.021968139773895147,0.2121293406164651,181,19,1000
0.1,policy_validation,spread,calendar_7day_UTC,false_clear_fraction_of_all_flares,0.0,0.0,0.0,181,19,1000
0.1,policy_validation,spread,calendar_7day_UTC,deferred_fraction_of_all_flares,-0.10426540284360192,-0.21212934061646505,-0.021968139773895157,181,19,1000
0.1,policy_validation,spread,calendar_7day_UTC,false_alert_fraction_of_all_nonflares,0.003930817610062892,0.001156421416052771,0.00743626525406998,181,180,1000
0.1,policy_validation,conflict,region_component,retention,0.0012174707046111455,0.00047129894803570743,0.0023925799571318795,313,313,1000
0.1,policy_validation,conflict,region_component,selective_error,0.000982027052065959,-0.00013412276538167823,0.002853910822136689,313,145,1000
0.1,policy_validation,conflict,region_component,alert_fraction_of_all_flares,0.004739336492890989,0.0,0.015878335248308433,313,17,1000
0.1,policy_validation,conflict,region_component,false_clear_fraction_of_all_flares,0.0,0.0,0.0,313,17,1000
0.1,policy_validation,conflict,region_component,deferred_fraction_of_all_flares,-0.004739336492890989,-0.015878335248308385,0.0,313,17,1000
0.1,policy_validation,conflict,region_component,false_alert_fraction_of_all_nonflares,0.0005503144654088049,0.0,0.0015350524265506102,313,309,1000
0.1,policy_validation,conflict,calendar_7day_UTC,retention,0.0012174707046111455,0.0004033203079809963,0.00237361580533212,181,181,1000
0.1,policy_validation,conflict,calendar_7day_UTC,selective_error,0.000982027052065959,-0.0001372677859479598,0.002848491227176431,181,50,1000
0.1,policy_validation,conflict,calendar_7day_UTC,alert_fraction_of_all_flares,0.004739336492890989,0.0,0.0161301191200765,181,19,1000
0.1,policy_validation,conflict,calendar_7day_UTC,false_clear_fraction_of_all_flares,0.0,0.0,0.0,181,19,1000
0.1,policy_validation,conflict,calendar_7day_UTC,deferred_fraction_of_all_flares,-0.004739336492890989,-0.016130119120076555,0.0,181,19,1000
0.1,policy_validation,conflict,calendar_7day_UTC,false_alert_fraction_of_all_nonflares,0.0005503144654088049,0.0,0.001540520134855785,181,180,1000
0.1,retrospective_cycle25,support,region_component,retention,0.011382023098811533,0.005776500246708694,0.018610544959042026,943,943,1000
0.1,retrospective_cycle25,support,region_component,selective_error,0.013900574747948702,0.006461097255292949,0.023011833065098377,943,788,1000
0.1,retrospective_cycle25,support,region_component,alert_fraction_of_all_flares,0.017098445595854883,0.001903014416775889,0.04238018635519393,943,137,1000
0.1,retrospective_cycle25,support,region_component,false_clear_fraction_of_all_flares,0.0,0.0,0.0,943,137,1000
0.1,retrospective_cycle25,support,region_component,deferred_fraction_of_all_flares,-0.017098445595854828,-0.042380186355193944,-0.0019030144167758905,943,137,1000
0.1,retrospective_cycle25,support,region_component,false_alert_fraction_of_all_nonflares,0.01069217782779966,0.005207273986655744,0.017642965004160058,943,913,1000
0.1,retrospective_cycle25,support,calendar_7day_UTC,retention,0.011382023098811533,0.005472582637246251,0.01736544645516114,255,255,1000
0.1,retrospective_cycle25,support,calendar_7day_UTC,selective_error,0.013900574747948702,0.006081501642120281,0.022860581791778287,255,218,1000
0.1,retrospective_cycle25,support,calendar_7day_UTC,alert_fraction_of_all_flares,0.017098445595854883,0.0029500885120952547,0.03757360582162355,255,126,1000
0.1,retrospective_cycle25,support,calendar_7day_UTC,false_clear_fraction_of_all_flares,0.0,0.0,0.0,255,126,1000
0.1,retrospective_cycle25,support,calendar_7day_UTC,deferred_fraction_of_all_flares,-0.017098445595854828,-0.03757360582162356,-0.00295008851209531,255,126,1000
0.1,retrospective_cycle25,support,calendar_7day_UTC,false_alert_fraction_of_all_nonflares,0.01069217782779966,0.004898221341644219,0.017100996477333184,255,255,1000
0.1,retrospective_cycle25,distance,region_component,retention,0.01174468559950892,0.008598221913246515,0.015122844500379784,943,943,1000
0.1,retrospective_cycle25,distance,region_component,selective_error,-0.002298417550234827,-0.0032534059087470464,-0.001480125568662831,943,788,1000
0.1,retrospective_cycle25,distance,region_component,alert_fraction_of_all_flares,0.0,0.0,0.0,943,137,1000
0.1,retrospective_cycle25,distance,region_component,false_clear_fraction_of_all_flares,0.001554404145077723,0.0,0.003958881173131083,943,137,1000
0.1,retrospective_cycle25,distance,region_component,deferred_fraction_of_all_flares,-0.0015544041450776813,-0.003958881173131085,0.0,943,137,1000
0.1,retrospective_cycle25,distance,region_component,false_alert_fraction_of_all_nonflares,0.0,0.0,0.0,943,913,1000
0.1,retrospective_cycle25,distance,calendar_7day_UTC,retention,0.01174468559950892,0.008830016334654592,0.015242320270486056,255,255,1000
0.1,retrospective_cycle25,distance,calendar_7day_UTC,selective_error,-0.002298417550234827,-0.003249041452698677,-0.0015073977972238947,255,218,1000
0.1,retrospective_cycle25,distance,calendar_7day_UTC,alert_fraction_of_all_flares,0.0,0.0,0.0,255,126,1000
0.1,retrospective_cycle25,distance,calendar_7day_UTC,false_clear_fraction_of_all_flares,0.001554404145077723,0.0,0.004357572634126316,255,126,1000
0.1,retrospective_cycle25,distance,calendar_7day_UTC,deferred_fraction_of_all_flares,-0.0015544041450776813,-0.004357572634126332,0.0,255,126,1000
0.1,retrospective_cycle25,distance,calendar_7day_UTC,false_alert_fraction_of_all_nonflares,0.0,0.0,0.0,255,255,1000
0.1,retrospective_cycle25,spread,region_component,retention,0.04248730681247559,0.03393384842801702,0.051632330259063816,943,943,1000
0.1,retrospective_cycle25,spread,region_component,selective_error,0.0291867698667026,0.021188283612641436,0.03807183491433257,943,788,1000
0.1,retrospective_cycle25,spread,region_component,alert_fraction_of_all_flares,0.17797927461139895,0.12533295615275816,0.22700764359868997,943,137,1000
0.1,retrospective_cycle25,spread,region_component,false_clear_fraction_of_all_flares,0.0,0.0,0.0,943,137,1000
0.1,retrospective_cycle25,spread,region_component,deferred_fraction_of_all_flares,-0.1779792746113989,-0.22700764359868997,-0.12533295615275816,943,137,1000
0.1,retrospective_cycle25,spread,region_component,false_alert_fraction_of_all_nonflares,0.026136434690176957,0.019879951853864618,0.03358524832441789,943,913,1000
0.1,retrospective_cycle25,spread,calendar_7day_UTC,retention,0.04248730681247559,0.03424525578555095,0.050876010469912955,255,255,1000
0.1,retrospective_cycle25,spread,calendar_7day_UTC,selective_error,0.0291867698667026,0.021820917392668695,0.037682967155024054,255,218,1000
0.1,retrospective_cycle25,spread,calendar_7day_UTC,alert_fraction_of_all_flares,0.17797927461139895,0.13329796178848421,0.22616975566165995,255,126,1000
0.1,retrospective_cycle25,spread,calendar_7day_UTC,false_clear_fraction_of_all_flares,0.0,0.0,0.0,255,126,1000
0.1,retrospective_cycle25,spread,calendar_7day_UTC,deferred_fraction_of_all_flares,-0.1779792746113989,-0.22616975566165992,-0.13329796178848421,255,126,1000
0.1,retrospective_cycle25,spread,calendar_7day_UTC,false_alert_fraction_of_all_nonflares,0.026136434690176957,0.0197572533110492,0.03303127666792642,255,255,1000
0.1,retrospective_cycle25,conflict,region_component,retention,8.369134631469599e-05,0.0,0.00025304960476920654,943,943,1000
0.1,retrospective_cycle25,conflict,region_component,selective_error,-1.8805195817678255e-05,-5.98530236442546e-05,0.0,943,788,1000
0.1,retrospective_cycle25,conflict,region_component,alert_fraction_of_all_flares,0.0,0.0,0.0,943,137,1000
0.1,retrospective_cycle25,conflict,region_component,false_clear_fraction_of_all_flares,0.0,0.0,0.0,943,137,1000
0.1,retrospective_cycle25,conflict,region_component,deferred_fraction_of_all_flares,0.0,0.0,0.0,943,137,1000
0.1,retrospective_cycle25,conflict,region_component,false_alert_fraction_of_all_nonflares,0.0,0.0,0.0,943,913,1000
0.1,retrospective_cycle25,conflict,calendar_7day_UTC,retention,8.369134631469599e-05,0.0,0.0002606377848040075,255,255,1000
0.1,retrospective_cycle25,conflict,calendar_7day_UTC,selective_error,-1.8805195817678255e-05,-6.259720573854321e-05,0.0,255,218,1000
0.1,retrospective_cycle25,conflict,calendar_7day_UTC,alert_fraction_of_all_flares,0.0,0.0,0.0,255,126,1000
0.1,retrospective_cycle25,conflict,calendar_7day_UTC,false_clear_fraction_of_all_flares,0.0,0.0,0.0,255,126,1000
0.1,retrospective_cycle25,conflict,calendar_7day_UTC,deferred_fraction_of_all_flares,0.0,0.0,0.0,255,126,1000
0.1,retrospective_cycle25,conflict,calendar_7day_UTC,false_alert_fraction_of_all_nonflares,0.0,0.0,0.0,255,255,1000
0.1,supplementary_2026,support,region_component,retention,0.0,0.0,0.0,128,128,1000
0.1,supplementary_2026,support,region_component,selective_error,0.0,0.0,0.0,128,128,1000
0.1,supplementary_2026,support,region_component,alert_fraction_of_all_flares,0.0,0.0,0.0,128,22,1000
0.1,supplementary_2026,support,region_component,false_clear_fraction_of_all_flares,0.0,0.0,0.0,128,22,1000
0.1,supplementary_2026,support,region_component,deferred_fraction_of_all_flares,0.0,0.0,0.0,128,22,1000
0.1,supplementary_2026,support,region_component,false_alert_fraction_of_all_nonflares,0.0,0.0,0.0,128,126,1000
0.1,supplementary_2026,support,calendar_7day_UTC,retention,0.0,0.0,0.0,33,33,1000
0.1,supplementary_2026,support,calendar_7day_UTC,selective_error,0.0,0.0,0.0,33,33,1000
0.1,supplementary_2026,support,calendar_7day_UTC,alert_fraction_of_all_flares,0.0,0.0,0.0,33,21,1000
0.1,supplementary_2026,support,calendar_7day_UTC,false_clear_fraction_of_all_flares,0.0,0.0,0.0,33,21,1000
0.1,supplementary_2026,support,calendar_7day_UTC,deferred_fraction_of_all_flares,0.0,0.0,0.0,33,21,1000
0.1,supplementary_2026,support,calendar_7day_UTC,false_alert_fraction_of_all_nonflares,0.0,0.0,0.0,33,33,1000
0.1,supplementary_2026,distance,region_component,retention,0.041644180608022996,0.03519772925953096,0.048231549642678326,128,128,1000
0.1,supplementary_2026,distance,region_component,selective_error,-0.0047767678457456275,-0.009699566834981367,-0.0003058493159260681,128,128,1000
0.1,supplementary_2026,distance,region_component,alert_fraction_of_all_flares,0.0,0.0,0.0,128,22,1000
0.1,supplementary_2026,distance,region_component,false_clear_fraction_of_all_flares,0.041330645161290314,0.01568527410964386,0.07396654044736116,128,22,1000
0.1,supplementary_2026,distance,region_component,deferred_fraction_of_all_flares,-0.041330645161290314,-0.0739665404473611,-0.01568527410964386,128,22,1000
0.1,supplementary_2026,distance,region_component,false_alert_fraction_of_all_nonflares,0.0,0.0,0.0,128,126,1000
0.1,supplementary_2026,distance,calendar_7day_UTC,retention,0.041644180608022996,0.030495316718240434,0.05159366560982693,33,33,1000
0.1,supplementary_2026,distance,calendar_7day_UTC,selective_error,-0.0047767678457456275,-0.009275838602548363,0.0004942259427268988,33,33,1000
0.1,supplementary_2026,distance,calendar_7day_UTC,alert_fraction_of_all_flares,0.0,0.0,0.0,33,21,1000
0.1,supplementary_2026,distance,calendar_7day_UTC,false_clear_fraction_of_all_flares,0.041330645161290314,0.01740216238679354,0.07249480277185501,33,21,1000
0.1,supplementary_2026,distance,calendar_7day_UTC,deferred_fraction_of_all_flares,-0.041330645161290314,-0.07249480277185495,-0.017402162386793554,33,21,1000
0.1,supplementary_2026,distance,calendar_7day_UTC,false_alert_fraction_of_all_nonflares,0.0,0.0,0.0,33,33,1000
0.1,supplementary_2026,spread,region_component,retention,0.025993883792048922,0.011754595843052228,0.045236755244715474,128,128,1000
0.1,supplementary_2026,spread,region_component,selective_error,0.01839585657297818,0.007340749370731175,0.032897194510905725,128,128,1000
0.1,supplementary_2026,spread,region_component,alert_fraction_of_all_flares,0.125,0.042902566431978206,0.2014331166929795,128,22,1000
0.1,supplementary_2026,spread,region_component,false_clear_fraction_of_all_flares,0.0,0.0,0.0,128,22,1000
0.1,supplementary_2026,spread,region_component,deferred_fraction_of_all_flares,-0.125,-0.20143311669297945,-0.0429025664319783,128,22,1000
0.1,supplementary_2026,spread,region_component,false_alert_fraction_of_all_nonflares,0.016294686944499315,0.007256041367754425,0.02856259229752284,128,126,1000
0.1,supplementary_2026,spread,calendar_7day_UTC,retention,0.025993883792048922,0.0130560866280884,0.04300141750720525,33,33,1000
0.1,supplementary_2026,spread,calendar_7day_UTC,selective_error,0.01839585657297818,0.0076787913418327886,0.031026719934697883,33,33,1000
0.1,supplementary_2026,spread,calendar_7day_UTC,alert_fraction_of_all_flares,0.125,0.03527881672900376,0.22100728181763749,33,21,1000
0.1,supplementary_2026,spread,calendar_7day_UTC,false_clear_fraction_of_all_flares,0.0,0.0,0.0,33,21,1000
0.1,supplementary_2026,spread,calendar_7day_UTC,deferred_fraction_of_all_flares,-0.125,-0.22100728181763749,-0.03527881672900374,33,21,1000
0.1,supplementary_2026,spread,calendar_7day_UTC,false_alert_fraction_of_all_nonflares,0.016294686944499315,0.007789803779764047,0.02851214495134261,33,33,1000
0.1,supplementary_2026,conflict,region_component,retention,0.0,0.0,0.0,128,128,1000
0.1,supplementary_2026,conflict,region_component,selective_error,0.0,0.0,0.0,128,128,1000
0.1,supplementary_2026,conflict,region_component,alert_fraction_of_all_flares,0.0,0.0,0.0,128,22,1000
0.1,supplementary_2026,conflict,region_component,false_clear_fraction_of_all_flares,0.0,0.0,0.0,128,22,1000
0.1,supplementary_2026,conflict,region_component,deferred_fraction_of_all_flares,0.0,0.0,0.0,128,22,1000
0.1,supplementary_2026,conflict,region_component,false_alert_fraction_of_all_nonflares,0.0,0.0,0.0,128,126,1000
0.1,supplementary_2026,conflict,calendar_7day_UTC,retention,0.0,0.0,0.0,33,33,1000
0.1,supplementary_2026,conflict,calendar_7day_UTC,selective_error,0.0,0.0,0.0,33,33,1000
0.1,supplementary_2026,conflict,calendar_7day_UTC,alert_fraction_of_all_flares,0.0,0.0,0.0,33,21,1000
0.1,supplementary_2026,conflict,calendar_7day_UTC,false_clear_fraction_of_all_flares,0.0,0.0,0.0,33,21,1000
0.1,supplementary_2026,conflict,calendar_7day_UTC,deferred_fraction_of_all_flares,0.0,0.0,0.0,33,21,1000
0.1,supplementary_2026,conflict,calendar_7day_UTC,false_alert_fraction_of_all_nonflares,0.0,0.0,0.0,33,33,1000
0.05,policy_validation,support,region_component,retention,0.029143204991629867,0.01766116865353479,0.0418064788628733,313,313,1000
0.05,policy_validation,support,region_component,selective_error,0.05357709076291372,0.030724304332617806,0.08065725943934435,313,143,1000
0.05,policy_validation,support,region_component,alert_fraction_of_all_flares,0.15402843601895733,0.02019696969696961,0.3199020777762178,313,17,1000
0.05,policy_validation,support,region_component,false_clear_fraction_of_all_flares,0.0,0.0,0.0,313,17,1000
0.05,policy_validation,support,region_component,deferred_fraction_of_all_flares,-0.15402843601895738,-0.31990207777621793,-0.020196969696969668,313,17,1000
0.05,policy_validation,support,region_component,false_alert_fraction_of_all_nonflares,0.024999999999999998,0.01439560522003444,0.03736255091564123,313,309,1000
0.05,policy_validation,support,calendar_7day_UTC,retention,0.029143204991629867,0.017763703098589094,0.04205724128435082,181,181,1000
0.05,policy_validation,support,calendar_7day_UTC,selective_error,0.05357709076291372,0.030368742228908435,0.08341376492624153,181,49,1000
0.05,policy_validation,support,calendar_7day_UTC,alert_fraction_of_all_flares,0.15402843601895733,0.03690618336886991,0.2893450551197795,181,19,1000
0.05,policy_validation,support,calendar_7day_UTC,false_clear_fraction_of_all_flares,0.0,0.0,0.0,181,19,1000
0.05,policy_validation,support,calendar_7day_UTC,deferred_fraction_of_all_flares,-0.15402843601895738,-0.28934505511977954,-0.03690618336886997,181,19,1000
0.05,policy_validation,support,calendar_7day_UTC,false_alert_fraction_of_all_nonflares,0.024999999999999998,0.015006300270473115,0.035742042143841274,181,180,1000
0.05,policy_validation,distance,region_component,retention,0.002587125247298705,0.0009877312884356212,0.005138265330140303,313,313,1000
0.05,policy_validation,distance,region_component,selective_error,-0.00032117481911494994,-0.0007429149389300248,-0.00010067782982561405,313,143,1000
0.05,policy_validation,distance,region_component,alert_fraction_of_all_flares,0.0,0.0,0.0,313,17,1000
0.05,policy_validation,distance,region_component,false_clear_fraction_of_all_flares,0.0,0.0,0.0,313,17,1000
0.05,policy_validation,distance,region_component,deferred_fraction_of_all_flares,0.0,0.0,0.0,313,17,1000
0.05,policy_validation,distance,region_component,false_alert_fraction_of_all_nonflares,0.0,0.0,0.0,313,309,1000
0.05,policy_validation,distance,calendar_7day_UTC,retention,0.002587125247298705,0.000934021602405341,0.0052668338363677895,181,181,1000
0.05,policy_validation,distance,calendar_7day_UTC,selective_error,-0.00032117481911494994,-0.0007405214151488485,-9.765013973636381e-05,181,49,1000
0.05,policy_validation,distance,calendar_7day_UTC,alert_fraction_of_all_flares,0.0,0.0,0.0,181,19,1000
0.05,policy_validation,distance,calendar_7day_UTC,false_clear_fraction_of_all_flares,0.0,0.0,0.0,181,19,1000
0.05,policy_validation,distance,calendar_7day_UTC,deferred_fraction_of_all_flares,0.0,0.0,0.0,181,19,1000
0.05,policy_validation,distance,calendar_7day_UTC,false_alert_fraction_of_all_nonflares,0.0,0.0,0.0,181,180,1000
0.05,policy_validation,spread,region_component,retention,0.007152640389590625,0.0026811813442949904,0.012624601933608112,313,313,1000
0.05,policy_validation,spread,region_component,selective_error,0.008568550383568296,0.002361789084089734,0.016612328913917583,313,143,1000
0.05,policy_validation,spread,region_component,alert_fraction_of_all_flares,0.10426540284360186,0.02127659574468086,0.20913685936112567,313,17,1000
0.05,policy_validation,spread,region_component,false_clear_fraction_of_all_flares,0.0,0.0,0.0,313,17,1000
0.05,policy_validation,spread,region_component,deferred_fraction_of_all_flares,-0.10426540284360192,-0.20913685936112567,-0.021276595744680826,313,17,1000
0.05,policy_validation,spread,region_component,false_alert_fraction_of_all_nonflares,0.003930817610062892,0.0011819634015790195,0.007707675701309285,313,309,1000
0.05,policy_validation,spread,calendar_7day_UTC,retention,0.007152640389590625,0.002963988484219658,0.012208689842316317,181,181,1000
0.05,policy_validation,spread,calendar_7day_UTC,selective_error,0.008568550383568296,0.002452272192905974,0.016912127474228537,181,49,1000
0.05,policy_validation,spread,calendar_7day_UTC,alert_fraction_of_all_flares,0.10426540284360186,0.021968139773895203,0.2121293406164651,181,19,1000
0.05,policy_validation,spread,calendar_7day_UTC,false_clear_fraction_of_all_flares,0.0,0.0,0.0,181,19,1000
0.05,policy_validation,spread,calendar_7day_UTC,deferred_fraction_of_all_flares,-0.10426540284360192,-0.2121293406164651,-0.02196813977389521,181,19,1000
0.05,policy_validation,spread,calendar_7day_UTC,false_alert_fraction_of_all_nonflares,0.003930817610062892,0.0011564214160527675,0.007436265254069979,181,180,1000
0.05,policy_validation,conflict,region_component,retention,0.0,0.0,0.0,313,313,1000
0.05,policy_validation,conflict,region_component,selective_error,0.0,0.0,0.0,313,143,1000
0.05,policy_validation,conflict,region_component,alert_fraction_of_all_flares,0.0,0.0,0.0,313,17,1000
0.05,policy_validation,conflict,region_component,false_clear_fraction_of_all_flares,0.0,0.0,0.0,313,17,1000
0.05,policy_validation,conflict,region_component,deferred_fraction_of_all_flares,0.0,0.0,0.0,313,17,1000
0.05,policy_validation,conflict,region_component,false_alert_fraction_of_all_nonflares,0.0,0.0,0.0,313,309,1000
0.05,policy_validation,conflict,calendar_7day_UTC,retention,0.0,0.0,0.0,181,181,1000
0.05,policy_validation,conflict,calendar_7day_UTC,selective_error,0.0,0.0,0.0,181,49,1000
0.05,policy_validation,conflict,calendar_7day_UTC,alert_fraction_of_all_flares,0.0,0.0,0.0,181,19,1000
0.05,policy_validation,conflict,calendar_7day_UTC,false_clear_fraction_of_all_flares,0.0,0.0,0.0,181,19,1000
0.05,policy_validation,conflict,calendar_7day_UTC,deferred_fraction_of_all_flares,0.0,0.0,0.0,181,19,1000
0.05,policy_validation,conflict,calendar_7day_UTC,false_alert_fraction_of_all_nonflares,0.0,0.0,0.0,181,180,1000
0.05,retrospective_cycle25,support,region_component,retention,0.006137365396418015,0.0022744277946433787,0.011472781891294831,943,943,1000
0.05,retrospective_cycle25,support,region_component,selective_error,0.010332138826942755,0.0032815540840238438,0.019926750483540503,943,685,1000
0.05,retrospective_cycle25,support,region_component,alert_fraction_of_all_flares,0.009585492227979275,0.0,0.027006479404324372,943,137,1000
0.05,retrospective_cycle25,support,region_component,false_clear_fraction_of_all_flares,0.0,0.0,0.0,943,137,1000
0.05,retrospective_cycle25,support,region_component,deferred_fraction_of_all_flares,-0.009585492227979331,-0.02700647940432432,0.0,943,137,1000
0.05,retrospective_cycle25,support,region_component,false_alert_fraction_of_all_nonflares,0.005721253048208592,0.001891479753287498,0.010977100426600134,943,913,1000
0.05,retrospective_cycle25,support,calendar_7day_UTC,retention,0.006137365396418015,0.0025671119215397555,0.009949475805683894,255,255,1000
0.05,retrospective_cycle25,support,calendar_7day_UTC,selective_error,0.010332138826942755,0.0037673543564505406,0.017957462989480963,255,212,1000
0.05,retrospective_cycle25,support,calendar_7day_UTC,alert_fraction_of_all_flares,0.009585492227979275,0.0005179952887186818,0.02322571472652602,255,126,1000
0.05,retrospective_cycle25,support,calendar_7day_UTC,false_clear_fraction_of_all_flares,0.0,0.0,0.0,255,126,1000
0.05,retrospective_cycle25,support,calendar_7day_UTC,deferred_fraction_of_all_flares,-0.009585492227979331,-0.02322571472652597,-0.0005179952887186008,255,126,1000
0.05,retrospective_cycle25,support,calendar_7day_UTC,false_alert_fraction_of_all_nonflares,0.005721253048208592,0.0022162399271870702,0.00965448496424676,255,255,1000
0.05,retrospective_cycle25,distance,region_component,retention,0.01096356636723761,0.007939758494561557,0.01423019282373349,943,943,1000
0.05,retrospective_cycle25,distance,region_component,selective_error,-0.0018489516601269407,-0.0028176538448331265,-0.0010585145880281173,943,685,1000
0.05,retrospective_cycle25,distance,region_component,alert_fraction_of_all_flares,0.0,0.0,0.0,943,137,1000
0.05,retrospective_cycle25,distance,region_component,false_clear_fraction_of_all_flares,0.0012953367875647714,0.0,0.0032231742731445166,943,137,1000
0.05,retrospective_cycle25,distance,region_component,deferred_fraction_of_all_flares,-0.0012953367875647714,-0.0032231742731444885,0.0,943,137,1000
0.05,retrospective_cycle25,distance,region_component,false_alert_fraction_of_all_nonflares,0.0,0.0,0.0,943,913,1000
0.05,retrospective_cycle25,distance,calendar_7day_UTC,retention,0.01096356636723761,0.008282454008610024,0.014462861045667252,255,255,1000
0.05,retrospective_cycle25,distance,calendar_7day_UTC,selective_error,-0.0018489516601269407,-0.002741739191166509,-0.001086663363202693,255,212,1000
0.05,retrospective_cycle25,distance,calendar_7day_UTC,alert_fraction_of_all_flares,0.0,0.0,0.0,255,126,1000
0.05,retrospective_cycle25,distance,calendar_7day_UTC,false_clear_fraction_of_all_flares,0.0012953367875647714,0.0,0.0035383915503857657,255,126,1000
0.05,retrospective_cycle25,distance,calendar_7day_UTC,deferred_fraction_of_all_flares,-0.0012953367875647714,-0.0035383915503858334,0.0,255,126,1000
0.05,retrospective_cycle25,distance,calendar_7day_UTC,false_alert_fraction_of_all_nonflares,0.0,0.0,0.0,255,255,1000
0.05,retrospective_cycle25,spread,region_component,retention,0.030352061596830904,0.022396668740294466,0.03853842825987886,943,943,1000
0.05,retrospective_cycle25,spread,region_component,selective_error,0.028686438429238417,0.019247359478878668,0.03962166645726775,943,685,1000
0.05,retrospective_cycle25,spread,region_component,alert_fraction_of_all_flares,0.13264248704663215,0.08684322864180943,0.17782003194850143,943,137,1000
0.05,retrospective_cycle25,spread,region_component,false_clear_fraction_of_all_flares,0.0,0.0,0.0,943,137,1000
0.05,retrospective_cycle25,spread,region_component,deferred_fraction_of_all_flares,-0.13264248704663217,-0.1778200319485015,-0.08684322864180945,943,137,1000
0.05,retrospective_cycle25,spread,region_component,false_alert_fraction_of_all_nonflares,0.017976614768961417,0.012465151868910652,0.02425397763816626,943,913,1000
0.05,retrospective_cycle25,spread,calendar_7day_UTC,retention,0.030352061596830904,0.023015558227517618,0.037840104112129194,255,255,1000
0.05,retrospective_cycle25,spread,calendar_7day_UTC,selective_error,0.028686438429238417,0.0198332653130051,0.03890116829682648,255,212,1000
0.05,retrospective_cycle25,spread,calendar_7day_UTC,alert_fraction_of_all_flares,0.13264248704663215,0.0942409594610752,0.17485513376067183,255,126,1000
0.05,retrospective_cycle25,spread,calendar_7day_UTC,false_clear_fraction_of_all_flares,0.0,0.0,0.0,255,126,1000
0.05,retrospective_cycle25,spread,calendar_7day_UTC,deferred_fraction_of_all_flares,-0.13264248704663217,-0.17485513376067188,-0.09424095946107522,255,126,1000
0.05,retrospective_cycle25,spread,calendar_7day_UTC,false_alert_fraction_of_all_nonflares,0.017976614768961417,0.012731152477959917,0.02381933039484956,255,255,1000
0.05,retrospective_cycle25,conflict,region_component,retention,0.0,0.0,0.0,943,943,1000
0.05,retrospective_cycle25,conflict,region_component,selective_error,0.0,0.0,0.0,943,685,1000
0.05,retrospective_cycle25,conflict,region_component,alert_fraction_of_all_flares,0.0,0.0,0.0,943,137,1000
0.05,retrospective_cycle25,conflict,region_component,false_clear_fraction_of_all_flares,0.0,0.0,0.0,943,137,1000
0.05,retrospective_cycle25,conflict,region_component,deferred_fraction_of_all_flares,0.0,0.0,0.0,943,137,1000
0.05,retrospective_cycle25,conflict,region_component,false_alert_fraction_of_all_nonflares,0.0,0.0,0.0,943,913,1000
0.05,retrospective_cycle25,conflict,calendar_7day_UTC,retention,0.0,0.0,0.0,255,255,1000
0.05,retrospective_cycle25,conflict,calendar_7day_UTC,selective_error,0.0,0.0,0.0,255,212,1000
0.05,retrospective_cycle25,conflict,calendar_7day_UTC,alert_fraction_of_all_flares,0.0,0.0,0.0,255,126,1000
0.05,retrospective_cycle25,conflict,calendar_7day_UTC,false_clear_fraction_of_all_flares,0.0,0.0,0.0,255,126,1000
0.05,retrospective_cycle25,conflict,calendar_7day_UTC,deferred_fraction_of_all_flares,0.0,0.0,0.0,255,126,1000
0.05,retrospective_cycle25,conflict,calendar_7day_UTC,false_alert_fraction_of_all_nonflares,0.0,0.0,0.0,255,255,1000
0.05,supplementary_2026,support,region_component,retention,0.0,0.0,0.0,128,128,1000
0.05,supplementary_2026,support,region_component,selective_error,0.0,0.0,0.0,128,119,1000
0.05,supplementary_2026,support,region_component,alert_fraction_of_all_flares,0.0,0.0,0.0,128,22,1000
0.05,supplementary_2026,support,region_component,false_clear_fraction_of_all_flares,0.0,0.0,0.0,128,22,1000
0.05,supplementary_2026,support,region_component,deferred_fraction_of_all_flares,0.0,0.0,0.0,128,22,1000
0.05,supplementary_2026,support,region_component,false_alert_fraction_of_all_nonflares,0.0,0.0,0.0,128,126,1000
0.05,supplementary_2026,support,calendar_7day_UTC,retention,0.0,0.0,0.0,33,33,1000
0.05,supplementary_2026,support,calendar_7day_UTC,selective_error,0.0,0.0,0.0,33,33,1000
0.05,supplementary_2026,support,calendar_7day_UTC,alert_fraction_of_all_flares,0.0,0.0,0.0,33,21,1000
0.05,supplementary_2026,support,calendar_7day_UTC,false_clear_fraction_of_all_flares,0.0,0.0,0.0,33,21,1000
0.05,supplementary_2026,support,calendar_7day_UTC,deferred_fraction_of_all_flares,0.0,0.0,0.0,33,21,1000
0.05,supplementary_2026,support,calendar_7day_UTC,false_alert_fraction_of_all_nonflares,0.0,0.0,0.0,33,33,1000
0.05,supplementary_2026,distance,region_component,retention,0.03525813995322896,0.029499801279334617,0.041115848323561605,128,128,1000
0.05,supplementary_2026,distance,region_component,selective_error,-0.0018530222611855274,-0.0071748171149062815,0.002905454603571062,128,119,1000
0.05,supplementary_2026,distance,region_component,alert_fraction_of_all_flares,0.0,0.0,0.0,128,22,1000
0.05,supplementary_2026,distance,region_component,false_clear_fraction_of_all_flares,0.026209677419354843,0.009850476547440567,0.04762094026799909,128,22,1000
0.05,supplementary_2026,distance,region_component,deferred_fraction_of_all_flares,-0.02620967741935487,-0.04762094026799903,-0.009850476547440555,128,22,1000
0.05,supplementary_2026,distance,region_component,false_alert_fraction_of_all_nonflares,0.0,0.0,0.0,128,126,1000
0.05,supplementary_2026,distance,calendar_7day_UTC,retention,0.03525813995322896,0.024473314481883245,0.044948863166037245,33,33,1000
0.05,supplementary_2026,distance,calendar_7day_UTC,selective_error,-0.0018530222611855274,-0.006583036960701127,0.0033377469631772965,33,33,1000
0.05,supplementary_2026,distance,calendar_7day_UTC,alert_fraction_of_all_flares,0.0,0.0,0.0,33,21,1000
0.05,supplementary_2026,distance,calendar_7day_UTC,false_clear_fraction_of_all_flares,0.026209677419354843,0.009059674405329291,0.04949992769043239,33,21,1000
0.05,supplementary_2026,distance,calendar_7day_UTC,deferred_fraction_of_all_flares,-0.02620967741935487,-0.04949992769043235,-0.009059674405329322,33,21,1000
0.05,supplementary_2026,distance,calendar_7day_UTC,false_alert_fraction_of_all_nonflares,0.0,0.0,0.0,33,33,1000
0.05,supplementary_2026,spread,region_component,retention,0.021586616297895267,0.009005605451447928,0.03791790086057702,128,128,1000
0.05,supplementary_2026,spread,region_component,selective_error,0.024170707924524415,0.010262403077029952,0.04275753576660715,128,119,1000
0.05,supplementary_2026,spread,region_component,alert_fraction_of_all_flares,0.10584677419354838,0.03082131466188425,0.1764009380186629,128,22,1000
0.05,supplementary_2026,spread,region_component,false_clear_fraction_of_all_flares,0.0,0.0,0.0,128,22,1000
0.05,supplementary_2026,spread,region_component,deferred_fraction_of_all_flares,-0.10584677419354849,-0.17640093801866288,-0.030821314661884227,128,22,1000
0.05,supplementary_2026,spread,region_component,false_alert_fraction_of_all_nonflares,0.013332016590953982,0.005556577510212838,0.02420315237892813,128,126,1000
0.05,supplementary_2026,spread,calendar_7day_UTC,retention,0.021586616297895267,0.009663686572499821,0.036398706233387305,33,33,1000
0.05,supplementary_2026,spread,calendar_7day_UTC,selective_error,0.024170707924524415,0.010549513928851895,0.04009740049752537,33,33,1000
0.05,supplementary_2026,spread,calendar_7day_UTC,alert_fraction_of_all_flares,0.10584677419354838,0.028167825852754326,0.1839941660433807,33,21,1000
0.05,supplementary_2026,spread,calendar_7day_UTC,false_clear_fraction_of_all_flares,0.0,0.0,0.0,33,21,1000
0.05,supplementary_2026,spread,calendar_7day_UTC,deferred_fraction_of_all_flares,-0.10584677419354849,-0.1839941660433807,-0.028167825852754395,33,21,1000
0.05,supplementary_2026,spread,calendar_7day_UTC,false_alert_fraction_of_all_nonflares,0.013332016590953982,0.005612562718607983,0.023888521330773918,33,33,1000
0.05,supplementary_2026,conflict,region_component,retention,0.0,0.0,0.0,128,128,1000
0.05,supplementary_2026,conflict,region_component,selective_error,0.0,0.0,0.0,128,119,1000
0.05,supplementary_2026,conflict,region_component,alert_fraction_of_all_flares,0.0,0.0,0.0,128,22,1000
0.05,supplementary_2026,conflict,region_component,false_clear_fraction_of_all_flares,0.0,0.0,0.0,128,22,1000
0.05,supplementary_2026,conflict,region_component,deferred_fraction_of_all_flares,0.0,0.0,0.0,128,22,1000
0.05,supplementary_2026,conflict,region_component,false_alert_fraction_of_all_nonflares,0.0,0.0,0.0,128,126,1000
0.05,supplementary_2026,conflict,calendar_7day_UTC,retention,0.0,0.0,0.0,33,33,1000
0.05,supplementary_2026,conflict,calendar_7day_UTC,selective_error,0.0,0.0,0.0,33,33,1000
0.05,supplementary_2026,conflict,calendar_7day_UTC,alert_fraction_of_all_flares,0.0,0.0,0.0,33,21,1000
0.05,supplementary_2026,conflict,calendar_7day_UTC,false_clear_fraction_of_all_flares,0.0,0.0,0.0,33,21,1000
0.05,supplementary_2026,conflict,calendar_7day_UTC,deferred_fraction_of_all_flares,0.0,0.0,0.0,33,21,1000
0.05,supplementary_2026,conflict,calendar_7day_UTC,false_alert_fraction_of_all_nonflares,0.0,0.0,0.0,33,33,1000
