claim_id,status,claim,evidence,boundary
C01,SUPPORTED,The 72 h Gray-Box system can preserve forecast availability during mapped AIA acquisition failures by routing from multimodal fusion to SHARP fallback when SHARP remains technically available.,Phase E1 + Phase G real-AIA-incident replay,Engineering robustness replay; not verified historical live-service outage evidence.
C02,SUPPORTED,Observed AIA acquisition/recovery failures are strongly temporally clustered rather than well represented by independent random missingness.,Phase E2 empirical outage episodes,"Empirical episode IDs are deterministic reconstructions, not recovered production block IDs."
C03,SUPPORTED,The frozen AIA branch is not sufficiently stable across regimes to justify automatic AIA-only degraded issuance when SHARP is unavailable.,Phase F branch skill + flare-class conformal transfer,Negative feasibility result for this frozen 72 h branch; does not prove all future AIA-only systems are unusable.
C04,SUPPORTED,Predictive disagreement and entropy can remain useful within-regime selective-risk indicators while failing as standalone global/domain-shift detectors.,Phase C1 applicability/shift audit + rolling UQ monitor,Feature-space OOD was not rerun because original SHARP OOD artifacts were unavailable.
C05,SUPPORTED,Class-conditional conformal reliability degrades substantially under later temporal shift; earlier nominal coverage must not be interpreted as guaranteed under non-exchangeable future regimes.,Mondrian calibration + cross-cycle/2026 flare coverage + rolling UQ monitor,No claim of conformal coverage guarantee under temporal shift.
C06,SUPPORTED,"Mapped region components in the evaluated chronological roles are disjoint from the training components, and the 2026 degradation persists at AR-level aggregation.",Phase D AR-disjoint audit,Exact event-disjoint and lead-time analysis remains provenance-limited.
C07,SUPPORTED_WITH_CAUTION,"The completed replay is prospective-style and past-only in monitoring, not a true prospective deployment trial.",Phase G protocol; 72 h horizon plus 24 h reporting delay before outcomes become visible,Forecasts were generated retrospectively from frozen artifacts.
C08,NOT_SUPPORTED,The current 72 h system has demonstrated universal predictive superiority over the strongest constituent model.,2026 locked statistics and branch comparisons,"The contribution is trust routing and operational reliability, not universal TSS dominance."
C09,NOT_SUPPORTED,The current project implements a first-principles MHD or PINN solar-physics model.,Current system uses physics-informed SHARP variables plus AIA image model outputs.,Do not overclaim physics modelling.
C10,PROVENANCE_LIMITED,Exact historical feature-space OOD and exact event-disjoint/lead-time claims are available.,Missing original feature-distance and event-link artifacts,Document limitation rather than reconstructing unsupported substitutes.
