scenario_type,parameter,system,n_replicates,availability_rate_mean,availability_rate_p05,availability_rate_p95,positive_retention_rate_mean,positive_retention_rate_p05,positive_retention_rate_p95,abstained_flares_mean,abstained_flares_p05,abstained_flares_p95,false_alarms_mean,false_alarms_p05,false_alarms_p95,issued_recall_mean,issued_recall_p05,issued_recall_p95,issued_specificity_mean,issued_specificity_p05,issued_specificity_p95,issued_precision_mean,issued_precision_p05,issued_precision_p95,issued_f1_mean,issued_f1_p05,issued_f1_p95,issued_tss_mean,issued_tss_p05,issued_tss_p95,issued_hss_mean,issued_hss_p05,issued_hss_p95,aia_parameter,sharp_parameter
random_detected_missingness,0.1,baseline_always_fusion,100,0.8998632847634468,0.8958265875157402,0.9039440546860946,0.9008870967741934,0.886038306451613,0.9143145161290324,98.32,85.0,113.05,433.47,421.95,443.0,0.3400765147891517,0.331862548895868,0.3476347964772553,0.952423333472164,0.9513921265849272,0.9537078185534936,0.4121582246262895,0.4026799285605715,0.4214303975923856,0.3726494589918606,0.3646199728881843,0.3801955990220049,0.2924998482613158,0.284289907641564,0.299771075958733,0.3175317457176684,0.3091592614704099,0.3254216961778174,,
random_detected_missingness,0.1,fallback_v3_q90,100,1.0,1.0,1.0,1.0,1.0,1.0,0.0,0.0,0.0,553.45,543.9,564.05,0.3535383064516129,0.3497983870967742,0.3578629032258064,0.9453436697610113,0.9442968595694252,0.9462867864902232,0.3879015206186706,0.3826673497267759,0.3935798953752506,0.3699175990063408,0.3657934726027037,0.3738942447514345,0.2988819762126241,0.2946641172038762,0.3033744576401853,0.3113173774126428,0.3068132591866598,0.3157676250392301,,
random_detected_missingness,0.2,baseline_always_fusion,100,0.8001187263896385,0.7928584277747797,0.8060037776578521,0.7999395161290321,0.7782258064516129,0.8185483870967742,198.46,180.0,220.0,384.58,368.0,401.05,0.3413860915718856,0.3302795946857402,0.3529013934927428,0.9525342975114288,0.950900455489794,0.9544639579443668,0.4133067644784314,0.3990574843252237,0.4268908825351045,0.3738851751779583,0.364129025583947,0.383877546737486,0.2939203890833146,0.2826847693684089,0.3055528034924442,0.3189256268733802,0.3081252592703136,0.3297400199968752,,
random_detected_missingness,0.2,fallback_v3_q90,100,1.0,1.0,1.0,1.0,1.0,1.0,0.0,0.0,0.0,607.3,592.8,622.05,0.361804435483871,0.3548387096774194,0.3679939516129032,0.9400256764763972,0.9385690302192377,0.9414576338139444,0.3714862046564822,0.3646253323891705,0.3780359121903815,0.3665709069670887,0.3598185794868282,0.3723476200124916,0.3018301119602684,0.2946853317553661,0.3081516540779724,0.3054143696535153,0.2978801568258282,0.3117561431712807,,
random_detected_missingness,0.4,baseline_always_fusion,100,0.6003741680158301,0.5933306350062961,0.6065074653714697,0.6024899193548388,0.5815524193548387,0.6270665322580645,394.33,369.95,415.1,290.35,272.9,307.05,0.3404274654251491,0.3233787979106893,0.3568037764942987,0.952224174651005,0.9497125287304864,0.9549325302287316,0.4120515522142413,0.3914336377616671,0.4329029428150907,0.3727521935385123,0.3546054929807742,0.3875900334813002,0.2926516400761539,0.2765441928862697,0.3087927682778334,0.317470620975393,0.2995821221126102,0.3327137695440913,,
random_detected_missingness,0.4,fallback_v3_q90,100,1.0,1.0,1.0,1.0,1.0,1.0,0.0,0.0,0.0,710.06,691.0,729.0,0.3767338709677419,0.3699092741935483,0.3831149193548387,0.92987754295872,0.9280071104088484,0.931759826190006,0.3448585015710788,0.3375527558070466,0.3515822888584358,0.3600814042876553,0.3540454156212911,0.3664887595018599,0.3066114139264621,0.2992295663351448,0.3132785471606149,0.2943362394705339,0.2880649131727433,0.3020209885150123,,
independent_missingness,,baseline_always_fusion,100,0.7199829105954306,0.7151286202554415,0.7261512862025544,0.7201108870967743,0.6975806451612904,0.7429435483870968,277.65,255.0,300.0,347.38,333.95,363.1,0.3398935299017283,0.3257326273822212,0.3519416261239069,0.9523516029254048,0.9502448845291356,0.9541526025292616,0.4114143026493858,0.3939244275678543,0.4302463539613717,0.3722047523385523,0.3590491302655608,0.3851759315293506,0.2922451328271327,0.278827537973693,0.3038851119665468,0.3170703735760594,0.3034249718842459,0.3306010717417917,0.2,0.1
independent_missingness,,fallback_v3_q90,100,0.9003327936679258,0.8960109731966182,0.904218384601547,0.900836693548387,0.887046370967742,0.9163810483870968,98.37,82.95,112.05,547.03,531.95,567.0,0.3608568871695043,0.3498970619932068,0.3701349831271091,0.9399944948212128,0.9380289699347186,0.9416499460506575,0.3708897763651244,0.3617232807577308,0.3823696904730001,0.3657846667385604,0.3557691585504241,0.3749536672403566,0.300851381990717,0.2888956539374066,0.3114549095456482,0.3045522930026586,0.2938335353337538,0.314850322923369,0.2,0.1
independent_missingness,,baseline_always_fusion,100,0.5405855369670802,0.5330949811117108,0.547072315164598,0.5420866935483871,0.5171370967741935,0.563508064516129,454.25,433.0,479.0,260.26,244.9,279.0,0.3417932479012118,0.319093267805656,0.363065765385157,0.9524465355913492,0.9491445240702608,0.9553771658009234,0.4139548382968167,0.3900930189452325,0.440110263114628,0.3743306205515788,0.3544043340105225,0.3967937923270545,0.2942397834925607,0.2728235840972384,0.3165335999473259,0.3192583522421827,0.2995191698863286,0.343319051749644,0.4,0.1
independent_missingness,,fallback_v3_q90,100,0.9000494693290161,0.8957411404928944,0.9041239431552436,0.9000604838709678,0.888054435483871,0.9123487903225806,99.14,86.95,111.05,641.08,619.0,671.05,0.3770972569187489,0.3669309173272933,0.3861081134609866,0.9296595689773086,0.9266271877815568,0.9319500540575024,0.3444027971015502,0.3339812251301377,0.3539634674435084,0.3599837134172075,0.3511117074807111,0.3687197025751887,0.3067568258960575,0.2956805998231289,0.3162524914906898,0.2941481201439567,0.2825586173362638,0.303771489867297,0.4,0.1
independent_missingness,,baseline_always_fusion,100,0.4794225580140313,0.4717485159201295,0.488235294117647,0.4805544354838709,0.4544858870967742,0.5050907258064515,515.29,490.95,541.15,230.96,213.0,248.0,0.337714614203096,0.3131074290146632,0.3635002008771636,0.952416090851132,0.9487808312183498,0.9557503982492916,0.4107726746328856,0.3836511824757605,0.4422197276676523,0.3705167308813027,0.3484069026658145,0.393632484999178,0.290130705054228,0.2642409008319102,0.315565228671015,0.3152874141855836,0.2916910376308688,0.3402783581669201,0.4,0.2
independent_missingness,,fallback_v3_q90,100,0.799738262277388,0.7933621154883972,0.8069032200035977,0.8010282258064517,0.7832157258064517,0.8226814516129033,197.38,175.9,215.05,567.41,547.7,591.05,0.3768277108931249,0.3633943046505705,0.3927776943460758,0.929922510571864,0.927583930639509,0.9326062787569296,0.3454369354974171,0.3329268518286052,0.3576780913978494,0.3604158174786537,0.3486045815328011,0.3738629900923206,0.3067502214649887,0.2936532415992658,0.32409281735746,0.2946472385272518,0.2817774025691507,0.3097089106090742,0.4,0.2
