year,reference_status,science_mx_events
2010,existing_region_exact_peak_agreement,24
2010,existing_region_no_known_exact_reference,6
2010,existing_region_reference_conflict,1
2010,missing_region_no_exact_reference,2
2011,existing_region_exact_peak_agreement,126
2011,existing_region_no_known_exact_reference,31
2011,existing_region_reference_conflict,12
2011,missing_region_exact_start_peak_candidate,1
2011,missing_region_no_exact_reference,21
2011,missing_region_peak_only_candidate,7
2012,existing_region_exact_peak_agreement,131
2012,existing_region_no_known_exact_reference,30
2012,existing_region_reference_conflict,17
2012,missing_region_exact_start_peak_candidate,3
2012,missing_region_no_exact_reference,19
2012,missing_region_peak_only_candidate,4
2013,existing_region_exact_peak_agreement,113
2013,existing_region_no_known_exact_reference,38
2013,existing_region_reference_conflict,7
2013,missing_region_no_exact_reference,12
2013,missing_region_peak_only_candidate,4
2014,existing_region_exact_peak_agreement,263
2014,existing_region_no_known_exact_reference,37
2014,existing_region_reference_conflict,18
2014,missing_region_exact_start_peak_candidate,1
2014,missing_region_no_exact_reference,59
2014,missing_region_peak_only_candidate,6
2015,existing_region_exact_peak_agreement,146
2015,existing_region_no_known_exact_reference,22
2015,existing_region_reference_conflict,10
2015,missing_region_conflicting_references,1
2015,missing_region_exact_start_peak_candidate,1
2015,missing_region_no_exact_reference,17
2015,missing_region_peak_only_candidate,4
2016,existing_region_exact_peak_agreement,15
2016,existing_region_no_known_exact_reference,5
2016,existing_region_reference_conflict,7
2016,missing_region_no_exact_reference,1
2017,existing_region_exact_peak_agreement,3
2017,existing_region_no_known_exact_reference,1
2017,missing_region_conflicting_references,1
2017,missing_region_exact_start_peak_candidate,10
2017,missing_region_no_exact_reference,12
2017,missing_region_peak_only_candidate,38
2018,missing_region_peak_only_candidate,1
2019,missing_region_no_exact_reference,1
2019,missing_region_peak_only_candidate,2
2020,missing_region_no_exact_reference,2
2021,existing_region_exact_peak_agreement,23
2021,existing_region_no_known_exact_reference,4
2021,existing_region_reference_conflict,1
2021,missing_region_exact_start_peak_candidate,1
2021,missing_region_no_exact_reference,2
2022,existing_region_exact_peak_agreement,146
2022,existing_region_no_known_exact_reference,9
2022,existing_region_reference_conflict,16
2022,missing_region_exact_start_peak_candidate,15
2022,missing_region_no_exact_reference,15
2022,missing_region_peak_only_candidate,2
2023,existing_region_exact_peak_agreement,272
2023,existing_region_no_known_exact_reference,38
2023,existing_region_reference_conflict,31
2023,missing_region_conflicting_references,2
2023,missing_region_exact_start_peak_candidate,20
2023,missing_region_no_exact_reference,7
2024,existing_region_exact_peak_agreement,763
2024,existing_region_no_known_exact_reference,11
2024,existing_region_reference_conflict,85
2024,missing_region_exact_start_peak_candidate,37
2024,missing_region_no_exact_reference,38
2024,missing_region_peak_only_candidate,2
2025,existing_region_exact_peak_agreement,300
2025,existing_region_no_known_exact_reference,4
2025,existing_region_reference_conflict,24
2025,missing_region_exact_start_peak_candidate,15
2025,missing_region_no_exact_reference,12
2025,missing_region_peak_only_candidate,1
2026,existing_region_exact_peak_agreement,198
2026,existing_region_no_known_exact_reference,2
2026,existing_region_reference_conflict,10
2026,missing_region_exact_start_peak_candidate,9
2026,missing_region_no_exact_reference,4
