event_id,science_peak_utc,science_noaa_region,science_class,exact_peak_same_region_swpc_mx_rows,swpc_classes,nearby_mx_rows_for_review,status
noaa-science-v1-0-1:202110280730,2021-10-28 07:40:00+00:00,12887.0,M1.4,20211028events.txt:23,M1.4,20211028events.txt:23,direct_xra_positive_evidence
noaa-science-v1-0-1:202110281019,2021-10-28 10:28:00+00:00,12887.0,M2.2,20211028events.txt:35,M2.2,20211028events.txt:35,direct_xra_positive_evidence
noaa-science-v1-0-1:202112280350,2021-12-28 04:01:00+00:00,12918.0,M1.8,20211228events.txt:28,M1.8,20211228events.txt:28,direct_xra_positive_evidence
noaa-science-v1-0-1:202112281559,2021-12-28 16:11:00+00:00,12918.0,M1.6,20211228events.txt:69,M1.6,20211228events.txt:69,direct_xra_positive_evidence
noaa-science-v1-0-1:202201181700,2022-01-18 17:44:00+00:00,12929.0,M1.5,20220118events.txt:28,M1.5,20220118events.txt:28,direct_xra_positive_evidence
noaa-science-v1-0-1:202203021731,2022-03-02 17:39:00+00:00,12958.0,M2.0,20220302events.txt:43,M2.0,20220302events.txt:43,direct_xra_positive_evidence
noaa-science-v1-0-1:202203140829,2022-03-14 08:40:00+00:00,12965.0,M2.0,20220314events.txt:23,M2.0,20220314events.txt:23,direct_xra_positive_evidence
noaa-science-v1-0-1:202203151233,2022-03-15 12:39:00+00:00,12965.0,M1.4,20220315events.txt:23,M1.4,20220315events.txt:23,direct_xra_positive_evidence
noaa-science-v1-0-1:202203152239,2022-03-15 22:46:00+00:00,12965.0,M1.5,20220315events.txt:33,M1.5,20220315events.txt:33,direct_xra_positive_evidence
noaa-science-v1-0-1:202203281058,2022-03-28 11:29:00+00:00,12975.0,M4.0,20220328events.txt:40,M4.0,20220328events.txt:40,direct_xra_positive_evidence
noaa-science-v1-0-1:202203282049,2022-03-28 20:59:00+00:00,12975.0,M1.1,20220328events.txt:100,M1.1,20220328events.txt:100,direct_xra_positive_evidence
noaa-science-v1-0-1:202203290057,2022-03-29 01:11:00+00:00,12975.0,M2.2,20220329events.txt:19,M2.2,20220329events.txt:19,direct_xra_positive_evidence
noaa-science-v1-0-1:202203292143,2022-03-29 21:52:00+00:00,12975.0,M1.6,20220329events.txt:125,M1.6,20220329events.txt:125,direct_xra_positive_evidence
noaa-science-v1-0-1:202203301721,2022-03-30 17:37:00+00:00,12975.0,X1.3,20220330events.txt:61,X1.3,20220330events.txt:61,direct_xra_positive_evidence
noaa-science-v1-0-1:202203311817,2022-03-31 18:35:00+00:00,12975.0,M9.6,20220331events.txt:67,M9.6,20220331events.txt:67,direct_xra_positive_evidence
noaa-science-v1-0-1:202204020239,2022-04-02 02:56:00+00:00,12975.0,M2.9,20220402events.txt:24,M2.9,20220402events.txt:24,direct_xra_positive_evidence
noaa-science-v1-0-1:202204250352,2022-04-25 04:02:00+00:00,12993.0,M1.1,20220425events.txt:23,M1.1,20220425events.txt:23,direct_xra_positive_evidence
noaa-science-v1-0-1:202205042009,2022-05-04 20:27:00+00:00,13004.0,M1.6,20220504events.txt:104,M1.6,20220504events.txt:104,direct_xra_positive_evidence
noaa-science-v1-0-1:202205051308,2022-05-05 13:16:00+00:00,13004.0,M2.2,20220505events.txt:73,M2.2,20220505events.txt:73,direct_xra_positive_evidence
noaa-science-v1-0-1:202205251809,2022-05-25 18:24:00+00:00,13016.0,M1.3,20220525events.txt:47,M1.3,20220525events.txt:47,direct_xra_positive_evidence
noaa-science-v1-0-1:202206160346,2022-06-16 03:53:00+00:00,13031.0,M1.6,20220616events.txt:22,M1.6,20220616events.txt:22,direct_xra_positive_evidence
noaa-science-v1-0-1:202207160616,2022-07-16 06:29:00+00:00,13057.0,M1.1,20220716events.txt:41,M1.1,20220716events.txt:41,direct_xra_positive_evidence
noaa-science-v1-0-1:202208160752,2022-08-16 07:58:00+00:00,13078.0,M5.0,20220816events.txt:46,M5.0,20220816events.txt:46,direct_xra_positive_evidence
noaa-science-v1-0-1:202208162110,2022-08-16 21:21:00+00:00,13078.0,M1.8,20220816events.txt:94,M1.8,20220816events.txt:94,direct_xra_positive_evidence
noaa-science-v1-0-1:202208171326,2022-08-17 13:45:00+00:00,13078.0,M2.0,20220817events.txt:92,M2.0,20220817events.txt:92,direct_xra_positive_evidence
noaa-science-v1-0-1:202208171428,2022-08-17 14:52:00+00:00,13078.0,M1.0,20220817events.txt:103,M1.0,20220817events.txt:103,direct_xra_positive_evidence
noaa-science-v1-0-1:202208181000,2022-08-18 10:09:00+00:00,13078.0,M1.3,20220818events.txt:55,M1.3,20220818events.txt:55,direct_xra_positive_evidence
noaa-science-v1-0-1:202208181037,2022-08-18 10:55:00+00:00,13078.0,M1.5,20220818events.txt:65,M1.5,20220818events.txt:65,direct_xra_positive_evidence
noaa-science-v1-0-1:202208181401,2022-08-18 14:13:00+00:00,13078.0,M1.3,20220818events.txt:92,M1.3,20220818events.txt:92,direct_xra_positive_evidence
noaa-science-v1-0-1:202208190414,2022-08-19 04:44:00+00:00,13078.0,M1.6,20220819events.txt:23,M1.6,20220819events.txt:23,direct_xra_positive_evidence
noaa-science-v1-0-1:202209201113,2022-09-20 11:22:00+00:00,13102.0,M1.0,20220920events.txt:43,M1.0,20220920events.txt:43,direct_xra_positive_evidence
noaa-science-v1-0-1:202210011958,2022-10-01 20:10:00+00:00,13110.0,M5.8,20221001events.txt:86,M5.8,20221001events.txt:86,direct_xra_positive_evidence
noaa-science-v1-0-1:202210020208,2022-10-02 02:21:00+00:00,13110.0,M8.7,20221002events.txt:20,M8.7,20221002events.txt:20,direct_xra_positive_evidence
noaa-science-v1-0-1:202210021953,2022-10-02 20:25:00+00:00,13110.0,X1.0,20221002events.txt:99,X1.0,20221002events.txt:99,direct_xra_positive_evidence
noaa-science-v1-0-1:202210030938,2022-10-03 10:11:00+00:00,13110.0,M4.2,20221003events.txt:45,M4.2,20221003events.txt:45,direct_xra_positive_evidence
noaa-science-v1-0-1:202210031103,2022-10-03 11:11:00+00:00,13110.0,M1.5,20221003events.txt:59,M1.5,20221003events.txt:59,direct_xra_positive_evidence
noaa-science-v1-0-1:202210101605,2022-10-10 16:28:00+00:00,13112.0,M2.4,20221010events.txt:38,M2.4,20221010events.txt:38,direct_xra_positive_evidence
noaa-science-v1-0-1:202211150242,2022-11-15 02:51:00+00:00,13140.0,M1.0,20221115events.txt:21,M1.0,20221115events.txt:21,direct_xra_positive_evidence
noaa-science-v1-0-1:202212010704,2022-12-01 07:21:00+00:00,13152.0,M1.0,20221201events.txt:27,M1.0,20221201events.txt:27,direct_xra_positive_evidence
noaa-science-v1-0-1:202212271615,2022-12-27 16:26:00+00:00,13169.0,M1.2,20221227events.txt:67,M1.2,20221227events.txt:67,direct_xra_positive_evidence
noaa-science-v1-0-1:202212301524,2022-12-30 15:28:00+00:00,13176.0,M1.4,20221230events.txt:78,M1.4,20221230events.txt:78,direct_xra_positive_evidence
noaa-science-v1-0-1:202212301926,2022-12-30 19:38:00+00:00,13176.0,M3.7,20221230events.txt:95,M3.7,20221230events.txt:95,direct_xra_positive_evidence
noaa-science-v1-0-1:202301090845,2023-01-09 09:01:00+00:00,13181.0,M2.1,20230109events.txt:53,M2.1,20230109events.txt:53,direct_xra_positive_evidence
noaa-science-v1-0-1:202301091315,2023-01-09 13:22:00+00:00,13181.0,M1.0,20230109events.txt:69,M1.0,20230109events.txt:69,direct_xra_positive_evidence
noaa-science-v1-0-1:202301121439,2023-01-12 14:57:00+00:00,13182.0,M1.0,20230112events.txt:107,M1.0,20230112events.txt:107,direct_xra_positive_evidence
noaa-science-v1-0-1:202301121903,2023-01-12 19:13:00+00:00,13182.0,M1.0,20230112events.txt:124,M1.0,20230112events.txt:124,direct_xra_positive_evidence
noaa-science-v1-0-1:202301142006,2023-01-14 20:21:00+00:00,13182.0,M3.5,20230114events.txt:90,M3.5,20230114events.txt:90,direct_xra_positive_evidence
noaa-science-v1-0-1:202301142037,2023-01-14 21:00:00+00:00,13182.0,M4.6,20230114events.txt:93,M4.6,20230114events.txt:93,direct_xra_positive_evidence
noaa-science-v1-0-1:202302241711,2023-02-24 17:15:00+00:00,13235.0,M1.1,20230224events.txt:85,M1.1,20230224events.txt:85,direct_xra_positive_evidence
noaa-science-v1-0-1:202302242003,2023-02-24 20:30:00+00:00,13229.0,M3.7,20230224events.txt:104,M3.7,20230224events.txt:104,direct_xra_positive_evidence
noaa-science-v1-0-1:202302251840,2023-02-25 19:44:00+00:00,13229.0,M6.3,20230225events.txt:99,M6.3,20230225events.txt:99,direct_xra_positive_evidence
noaa-science-v1-0-1:202302281735,2023-02-28 17:50:00+00:00,13234.0,M8.6,20230228events.txt:79,M8.6,20230228events.txt:79,direct_xra_positive_evidence
noaa-science-v1-0-1:202303051624,2023-03-05 16:41:00+00:00,13238.0,M1.0,20230305events.txt:66,M1.0,20230305events.txt:66,direct_xra_positive_evidence
noaa-science-v1-0-1:202303080953,2023-03-08 10:12:00+00:00,13242.0,M1.1,20230308events.txt:26,M1.1,20230308events.txt:26,direct_xra_positive_evidence
noaa-science-v1-0-1:202303082235,2023-03-08 22:44:00+00:00,13245.0,M1.3,20230308events.txt:43,M1.3,20230308events.txt:43,direct_xra_positive_evidence
noaa-science-v1-0-1:202304110951,2023-04-11 10:16:00+00:00,13272.0,M1.3,20230411events.txt:41,M1.3,20230411events.txt:41,direct_xra_positive_evidence
noaa-science-v1-0-1:202305110847,2023-05-11 09:01:00+00:00,13294.0,M2.1,20230511events.txt:48,M2.1,20230511events.txt:48,direct_xra_positive_evidence
noaa-science-v1-0-1:202305111813,2023-05-11 18:29:00+00:00,13294.0,M1.8,20230511events.txt:80,M1.8,20230511events.txt:80,direct_xra_positive_evidence
noaa-science-v1-0-1:202305231207,2023-05-23 12:13:00+00:00,13311.0,M3.0,20230523events.txt:88,M3.0,20230523events.txt:88,direct_xra_positive_evidence
noaa-science-v1-0-1:202305240951,2023-05-24 09:58:00+00:00,13311.0,M1.0,20230524events.txt:63,M1.0,20230524events.txt:63,direct_xra_positive_evidence
noaa-science-v1-0-1:202305281021,2023-05-28 10:36:00+00:00,13315.0,M1.0,20230528events.txt:43,M1.0,20230528events.txt:43,direct_xra_positive_evidence
noaa-science-v1-0-1:202305311223,2023-05-31 12:26:00+00:00,13319.0,M1.0,20230531events.txt:41,M1.0,20230531events.txt:41,direct_xra_positive_evidence
noaa-science-v1-0-1:202306161952,2023-06-16 19:59:00+00:00,13331.0,M1.0,20230616events.txt:52,M1.0,20230616events.txt:52,direct_xra_positive_evidence
noaa-science-v1-0-1:202306261608,2023-06-26 16:22:00+00:00,13340.0,M1.6,20230626events.txt:64,M1.6,20230626events.txt:64,direct_xra_positive_evidence
noaa-science-v1-0-1:202306271457,2023-06-27 15:14:00+00:00,13340.0,M1.2,20230627events.txt:66,M1.2,20230627events.txt:66,direct_xra_positive_evidence
noaa-science-v1-0-1:202307120510,2023-07-12 05:14:00+00:00,13361.0,M1.3,20230712events.txt:38,M1.3,20230712events.txt:38,direct_xra_positive_evidence
noaa-science-v1-0-1:202307220412,2023-07-22 04:16:00+00:00,13373.0,M1.0,20230722events.txt:33,M1.0,20230722events.txt:33,direct_xra_positive_evidence
noaa-science-v1-0-1:202307250136,2023-07-25 02:03:00+00:00,13376.0,M1.5,20230725events.txt:21,M1.5,20230725events.txt:21,direct_xra_positive_evidence
noaa-science-v1-0-1:202308010138,2023-08-01 01:56:00+00:00,13380.0,M1.0,20230801events.txt:22,M1.0,20230801events.txt:22,direct_xra_positive_evidence
noaa-science-v1-0-1:202308010158,2023-08-01 02:03:00+00:00,13380.0,M1.2,20230801events.txt:25,M1.2,20230801events.txt:25,direct_xra_positive_evidence
noaa-science-v1-0-1:202308222235,2023-08-22 23:04:00+00:00,13405.0,M1.1,20230822events.txt:58,M1.1,20230822events.txt:58,direct_xra_positive_evidence
noaa-science-v1-0-1:202309140640,2023-09-14 07:45:00+00:00,13429.0,M1.4,20230914events.txt:16,M1.4,20230914events.txt:16,direct_xra_positive_evidence
noaa-science-v1-0-1:202309141923,2023-09-14 19:31:00+00:00,13429.0,M1.9,20230914events.txt:36,M1.9,20230914events.txt:36,direct_xra_positive_evidence
noaa-science-v1-0-1:202309142117,2023-09-14 21:26:00+00:00,13429.0,M2.5,20230914events.txt:41,M2.5,20230914events.txt:41,direct_xra_positive_evidence
noaa-science-v1-0-1:202309152219,2023-09-15 22:29:00+00:00,13429.0,M1.7,20230915events.txt:86,M1.7,20230915events.txt:86,direct_xra_positive_evidence
noaa-science-v1-0-1:202309160038,2023-09-16 00:50:00+00:00,13429.0,M2.9,20230916events.txt:18,M2.9,20230916events.txt:18,direct_xra_positive_evidence
noaa-science-v1-0-1:202309211242,2023-09-21 12:54:00+00:00,13435.0,M8.7,20230921events.txt:40,M8.7,20230921events.txt:40,direct_xra_positive_evidence
noaa-science-v1-0-1:202309220225,2023-09-22 03:36:00+00:00,13435.0,M1.2,20230922events.txt:27,M1.2,20230922events.txt:27,direct_xra_positive_evidence
noaa-science-v1-0-1:202309221553,2023-09-22 16:23:00+00:00,13443.0,M1.4,20230922events.txt:126,M1.4,20230922events.txt:126,direct_xra_positive_evidence
noaa-science-v1-0-1:202309221706,2023-09-22 17:15:00+00:00,13443.0,M1.5,20230922events.txt:135,M1.5,20230922events.txt:135,direct_xra_positive_evidence
noaa-science-v1-0-1:202309222225,2023-09-22 23:00:00+00:00,13443.0,M1.9,20230922events.txt:147,M1.9,20230922events.txt:147,direct_xra_positive_evidence
noaa-science-v1-0-1:202310101208,2023-10-10 12:17:00+00:00,13451.0,M2.3,20231010events.txt:32,M2.3,20231010events.txt:32,direct_xra_positive_evidence
noaa-science-v1-0-1:202311021218,2023-11-02 12:22:00+00:00,13474.0,M1.6,20231102events.txt:55,M1.6,20231102events.txt:55,direct_xra_positive_evidence
noaa-science-v1-0-1:202311111701,2023-11-11 17:29:00+00:00,13477.0,M1.2,20231111events.txt:62,M1.2,20231111events.txt:62,direct_xra_positive_evidence
noaa-science-v1-0-1:202311281907,2023-11-28 19:32:00+00:00,13500.0,M3.5,20231128events.txt:67,M3.4,20231128events.txt:67,direct_xra_positive_evidence
noaa-science-v1-0-1:202311281935,2023-11-28 19:50:00+00:00,13500.0,M9.9,20231128events.txt:72,M9.8,20231128events.txt:72,direct_xra_positive_evidence
noaa-science-v1-0-1:202312012055,2023-12-01 21:20:00+00:00,13500.0,M1.0,20231201events.txt:47,M1.0,20231201events.txt:47,direct_xra_positive_evidence
noaa-science-v1-0-1:202312241109,2023-12-24 11:18:00+00:00,13529.0,M2.9,20231224events.txt:54,M2.9,20231224events.txt:54,direct_xra_positive_evidence
noaa-science-v1-0-1:202312241637,2023-12-24 16:49:00+00:00,13529.0,M2.6,20231224events.txt:65,M2.6,20231224events.txt:65,direct_xra_positive_evidence
noaa-science-v1-0-1:202408141539,2024-08-14 15:49:00+00:00,13784.0,M5.3,,,20240814events.txt:102,needs_review_no_exact_same_region_xra
