uri,generation,sha256,metadata_schema,minimum,maximum,shape,finite
gs://suryabench-sharp-pipeline-bamidele/jsoc_2025_2026_production_v1/samples_npz/2025/20251227_1912_HARP14205_NOAA14320.npz,1782773268249675,ba2fb178912dd47358f738555cc9590dcaa96fa1353a07c483dec9c4f80acef7,numeric_wavelengths,0.0,1.0,"(512, 512, 6)",True
gs://suryabench-sharp-pipeline-bamidele/jsoc_2025_2026_production_v1/samples_npz/2025/20251227_2048_HARP14205_NOAA14320.npz,1782773275271346,457aace1a2a88458ce9471b3dd3e14e695bb2806457c2665210e54fde83f9892,numeric_wavelengths,0.0,1.0,"(512, 512, 6)",True
gs://suryabench-sharp-pipeline-bamidele/jsoc_2025_2026_production_v1/samples_npz/2025/20251227_2224_HARP14205_NOAA14320.npz,1782773282310990,6c517ee94a8bb7b5e8f356229b2fa370c1dc80e5b31fa9f5bd2a20a40fcba36c,numeric_wavelengths,0.0,1.0,"(512, 512, 6)",True
gs://suryabench-sharp-pipeline-bamidele/jsoc_2025_2026_production_v1/samples_npz/2026/20260102_0012_HARP14228_NOAA14331.npz,1782150181548397,efe1ec35271a6f73fc7ef321dfef660ab12ed2b5970251eb5132cb6fa1f664bc,numeric_wavelengths,0.0,1.0,"(512, 512, 6)",True
gs://suryabench-sharp-pipeline-bamidele/jsoc_2025_2026_production_v1/samples_npz/2026/20260102_0148_HARP14228_NOAA14331.npz,1782150188177002,5068e79d82ca7cbf4b8ec2b7f8fd54a31870bbcbd61c4be17a5b87b2e5083e5e,numeric_wavelengths,0.0,1.0,"(512, 512, 6)",True
gs://suryabench-sharp-pipeline-bamidele/jsoc_2025_2026_production_v1/samples_npz/2026/20260102_0324_HARP14228_NOAA14331.npz,1782150194748411,a6b641c91f0a54ba4687b0d257778845b6ef8ba0081192517dc788350a872402,numeric_wavelengths,0.0,1.0,"(512, 512, 6)",True
gs://suryabench-sharp-pipeline-bamidele/jsoc_2025_2026_production_v1/samples_npz/2026/20260817_1824_HARP15018_NOAA14516.npz,1790618052424366,fec4d05898c55819ae1699e422f88910e8924c4cb22abd4c9a0da1dee2bbff23,numeric_wavelengths,0.0,1.0,"(512, 512, 6)",True
gs://suryabench-sharp-pipeline-bamidele/jsoc_2025_2026_production_v1/samples_npz/2026/20260817_2000_HARP15018_NOAA14516.npz,1790620845750907,c9b68461d6baf6dc06c3b5490e84b6f0a389dd42ba10e64a26fa8057ea061119,numeric_wavelengths,0.0,1.0,"(512, 512, 6)",True
gs://suryabench-sharp-pipeline-bamidele/jsoc_2025_2026_production_v1/samples_npz/2026/20260817_2136_HARP15018_NOAA14516.npz,1790620851172368,e37538cb3611bb84a2b7ba78adee4886c0cc931095edab846553d85260e72271,numeric_wavelengths,0.0,1.0,"(512, 512, 6)",True
gs://suryabench-sharp-pipeline-bamidele/samples_npz/2010/20100521_1948_HARP26_NOAA11072.npz,1778509414370661,72354d99d0ada84432ad1a1997d8dfcfda1afd9fd2130115afb5611ea3e79720,channel_names,0.0,1.0,"(512, 512, 6)",True
gs://suryabench-sharp-pipeline-bamidele/samples_npz/2010/20100521_2124_HARP26_NOAA11072.npz,1778509414340069,95f5e62762890a7c06f0bb38f0d0a8c047d3cfb8fb09be77bcb1ab18c1d6e10c,channel_names,0.0,1.0,"(512, 512, 6)",True
gs://suryabench-sharp-pipeline-bamidele/samples_npz/2010/20100521_2300_HARP26_NOAA11072.npz,1778509414239870,13eeed9d24609f6b2a1dce5f9647b728084dcc21cea920ca804bb82d4bc6a3ef,channel_names,0.0,1.0,"(512, 512, 6)",True
gs://suryabench-sharp-pipeline-bamidele/samples_npz/2013/20131227_1848_HARP3535_NOAA11936.npz,1778986997265220,f421a6a1cefa6cbe97ed5e6b013ce3b6c32dd5c7e86a34a4d901a5fd184e7d3e,channel_names,0.0,1.0,"(512, 512, 6)",True
gs://suryabench-sharp-pipeline-bamidele/samples_npz/2013/20131227_2024_HARP3535_NOAA11936.npz,1778986999194258,e9accab8de4af460b787b58d5473c9c35f07ab234aa66e35a5f5afb3fd93fa63,channel_names,0.0,1.0,"(512, 512, 6)",True
gs://suryabench-sharp-pipeline-bamidele/samples_npz/2013/20131227_2200_HARP3535_NOAA11936.npz,1778986997726969,788819c95e17c8055bff510a6742a67c553a065e67b8bb52170969f9d96864fc,channel_names,0.0,1.0,"(512, 512, 6)",True
gs://suryabench-sharp-pipeline-bamidele/samples_npz/2014/20140102_0724_HARP3557_NOAA11938.npz,1778625963433512,9ca577271d1fe65aa394f7be752ef3200e6eee3a01891e33268aaf8865064828,channel_names,0.0,1.0,"(512, 512, 6)",True
gs://suryabench-sharp-pipeline-bamidele/samples_npz/2014/20140102_0900_HARP3557_NOAA11938.npz,1778625969909298,0ff1c450bc2dff1910460f888e4b5149249a123a90bd86e5c22380d33e6f6dda,channel_names,0.0,1.0,"(512, 512, 6)",True
gs://suryabench-sharp-pipeline-bamidele/samples_npz/2014/20140102_1036_HARP3557_NOAA11938.npz,1778625968399344,d919970fe4271b8d44f50d8da8c5220d6e04d44fba6fdb556507fb972c347ece,channel_names,0.0,1.0,"(512, 512, 6)",True
gs://suryabench-sharp-pipeline-bamidele/samples_npz/2014/20140626_1436_HARP4284_NOAA12098.npz,1778736153937625,80085d9b533a3795fa87a4a2ca08b5e1a8a4f06ceac30aa78cb7d9956c05d455,channel_names,0.0,1.0,"(512, 512, 6)",True
gs://suryabench-sharp-pipeline-bamidele/samples_npz/2014/20140626_1612_HARP4284_NOAA12098.npz,1778736155611207,73e41cd987d3d0be39f91fa7f8e6a280654746f41f46c1cdbefcec54d7bb425e,channel_names,0.0,1.0,"(512, 512, 6)",True
gs://suryabench-sharp-pipeline-bamidele/samples_npz/2014/20140626_1748_HARP4284_NOAA12098.npz,1778736156286292,09d3f22dc0cb590f961112d71bebce5ad46efd3a2d329ff1cb960c28eaf00284,channel_names,0.0,1.0,"(512, 512, 6)",True
gs://suryabench-sharp-pipeline-bamidele/samples_npz/2014/20140630_2000_HARP4302_NOAA12105.npz,1778736185857590,57ec9dbe2c82f56ca65e7a89be8d128acdaea5abaf571dbceaa3c4b25abfda91,channel_names,0.0,1.0,"(512, 512, 6)",True
gs://suryabench-sharp-pipeline-bamidele/samples_npz/2014/20140630_2136_HARP4302_NOAA12105.npz,1778736186661603,db00d663779e48be846534d408b5690d079fbf09e3c1faed5fdd3dcb9e9e05f8,channel_names,0.0,1.0,"(512, 512, 6)",True
gs://suryabench-sharp-pipeline-bamidele/samples_npz/2014/20140630_2312_HARP4302_NOAA12105.npz,1778736186548309,abf6e188f4743ef377eb7abf80ae2501424fe39a7dbb93fa33f75fcb469cf3ce,channel_names,0.0,1.0,"(512, 512, 6)",True
gs://suryabench-sharp-pipeline-bamidele/samples_npz/2014/20141227_1900_HARP4978_NOAA12247.npz,1778814582595585,0f6f02630192b6ae7f08f354ad5d2e8ab2d101f7a7edd091e39e80a361d7d701,channel_names,0.0,1.0,"(512, 512, 6)",True
gs://suryabench-sharp-pipeline-bamidele/samples_npz/2014/20141227_2036_HARP4978_NOAA12247.npz,1778814585177523,dffc2f76a952571608b9308f777ba8bd914d174ab716c91f0670a5aef71b9acd,channel_names,0.0,1.0,"(512, 512, 6)",True
gs://suryabench-sharp-pipeline-bamidele/samples_npz/2014/20141227_2212_HARP4978_NOAA12247.npz,1778814585200290,46d75287d6abbd8037c22fb3f360a964a8476e86bf8d4bc729192cc463fdf212,channel_names,0.0,1.0,"(512, 512, 6)",True
gs://suryabench-sharp-pipeline-bamidele/samples_npz/2014/20141231_2024_HARP5002_NOAA12251.npz,1778814620896156,a3f7558d8054243eec59b2d581fa5164ceeda14dda36dec85e98a7f33a98f074,channel_names,0.0,1.0,"(512, 512, 6)",True
gs://suryabench-sharp-pipeline-bamidele/samples_npz/2014/20141231_2200_HARP5002_NOAA12251.npz,1778814621467884,f3a1a263223d4fa81471ceda3713352252ce1805d043f0416f317f730f71fd0c,channel_names,0.0,1.0,"(512, 512, 6)",True
gs://suryabench-sharp-pipeline-bamidele/samples_npz/2014/20141231_2336_HARP5002_NOAA12251.npz,1778814622794629,1ab816145e297da0d1627ec2b2bbab5132af5b935bb8084ba04d410dfffbca31,channel_names,0.0,1.0,"(512, 512, 6)",True
gs://suryabench-sharp-pipeline-bamidele/samples_npz/2015/20150624_0400_HARP5692_NOAA12371.npz,1778956207819938,9440b49cc395cc0fce16709c88932c2ab660954bd7d7c6c61cc7d5ed43e56d26,channel_names,0.0,1.0,"(512, 512, 6)",True
gs://suryabench-sharp-pipeline-bamidele/samples_npz/2015/20150624_0536_HARP5692_NOAA12371.npz,1778956207750160,04e051fb1efbf8687af832434387c5708f338d9554904cb77b86b0afdf5037af,channel_names,0.0,1.0,"(512, 512, 6)",True
gs://suryabench-sharp-pipeline-bamidele/samples_npz/2015/20150624_0712_HARP5692_NOAA12371.npz,1778956207789710,be4b52f48da996bc0e5bbd231b463158ec8113b7bb06c94201f21376eb6d191f,channel_names,0.0,1.0,"(512, 512, 6)",True
gs://suryabench-sharp-pipeline-bamidele/samples_npz/2015/20150701_0936_HARP5736_NOAA12377.npz,1778956212888292,ec63cfe5f7353566fb1b389452238ca37c7a9e0d8406c26a59d6c9354ae4ed51,channel_names,0.0,1.0,"(512, 512, 6)",True
gs://suryabench-sharp-pipeline-bamidele/samples_npz/2015/20150701_1112_HARP5736_NOAA12377.npz,1778956213952847,117f82bfac2425c3d95da7cd4716be952b1e18db5b9693da77f79cfd98149645,channel_names,0.0,1.0,"(512, 512, 6)",True
gs://suryabench-sharp-pipeline-bamidele/samples_npz/2015/20150701_1248_HARP5736_NOAA12377.npz,1778956214921070,bb52132f9ab81c096014cbdae11e7887ed8acfd8833fb5349780d02db3024e65,channel_names,0.0,1.0,"(512, 512, 6)",True
gs://suryabench-sharp-pipeline-bamidele/samples_npz/2019/20191119_1512_HARP7389_NOAA12752.npz,1778893460381176,8a7cafa3a8915e8d632e73fcfb40229ea9e9510ea2079cccb72240dcaee77623,channel_names,0.0,1.0,"(512, 512, 6)",True
gs://suryabench-sharp-pipeline-bamidele/samples_npz/2019/20191119_1648_HARP7389_NOAA12752.npz,1778893461056002,e1aa5e913d8b7da1b9144a130316ea7e1c37fd500c0aeebf00504f05da8719b2,channel_names,0.0,1.0,"(512, 512, 6)",True
gs://suryabench-sharp-pipeline-bamidele/samples_npz/2019/20191119_1824_HARP7389_NOAA12752.npz,1778893460735695,2cb2ec8695c224021e8aa0f10a8ff288145e5e03e05590624084d135cbfbd24e,channel_names,0.0,1.0,"(512, 512, 6)",True
gs://suryabench-sharp-pipeline-bamidele/samples_npz/2021/20210113_2136_HARP7532_NOAA12796.npz,1779015848882260,8d1fb689116824a1f0745766707991d5b07feac4c4b54f052eb3bbd359cb6368,channel_names,0.0,1.0,"(512, 512, 6)",True
gs://suryabench-sharp-pipeline-bamidele/samples_npz/2021/20210113_2312_HARP7532_NOAA12796.npz,1779015846839444,93b89d0c1ac50db6258b12c7efdcf7d4dd36c14c9597fdf3490652d0409efe84,channel_names,0.0,1.0,"(512, 512, 6)",True
gs://suryabench-sharp-pipeline-bamidele/samples_npz/2021/20210114_0048_HARP7532_NOAA12796.npz,1779015919357155,447d94a0777b4ac684adcb755a3441c4907f5880cca881ba64058ee8e5d3e743,channel_names,0.0,1.0,"(512, 512, 6)",True
