role,model,method,alpha,selected_on_policy,grouping,metric,difference,low,high,groups_with_denominator,valid_repetitions
retrospective_cycle25,gru,rolling_180d,0.1,True,region_component,coverage,0.061792110695754056,0.05035461774323155,0.07310995414385373,943,1000
retrospective_cycle25,gru,rolling_180d,0.1,True,region_component,nonflare_coverage,0.05192896892390421,0.04097115769265877,0.06324887512817691,913,1000
retrospective_cycle25,gru,rolling_180d,0.1,True,region_component,flare_coverage,0.14352331606217616,0.10166603506223815,0.18559822225665643,137,1000
retrospective_cycle25,gru,rolling_180d,0.1,True,region_component,mean_set_size,0.3242481727389388,0.2998541951161056,0.3509767538558043,943,1000
retrospective_cycle25,gru,rolling_180d,0.1,True,region_component,both_fraction,0.32505718908664843,0.30049049028621605,0.3516512262165788,943,1000
retrospective_cycle25,gru,rolling_180d,0.1,True,calendar_7day_UTC,coverage,0.061792110695754056,0.050779992652042645,0.0739146649051165,255,1000
retrospective_cycle25,gru,rolling_180d,0.1,True,calendar_7day_UTC,nonflare_coverage,0.05192896892390421,0.04105225888695183,0.06425667708415614,255,1000
retrospective_cycle25,gru,rolling_180d,0.1,True,calendar_7day_UTC,flare_coverage,0.14352331606217616,0.10216385123854801,0.1885586345924179,126,1000
retrospective_cycle25,gru,rolling_180d,0.1,True,calendar_7day_UTC,mean_set_size,0.3242481727389388,0.28787490647185965,0.3593432528617356,255,1000
retrospective_cycle25,gru,rolling_180d,0.1,True,calendar_7day_UTC,both_fraction,0.32505718908664843,0.28952599186338424,0.3601351928906215,255,1000
retrospective_cycle25,gru,rolling_180d,0.05,True,region_component,coverage,0.029766222172627352,0.02176098058823811,0.03766542845109245,943,1000
retrospective_cycle25,gru,rolling_180d,0.05,True,region_component,nonflare_coverage,0.03301444381917089,0.02440322918239913,0.04150872463404773,913,1000
retrospective_cycle25,gru,rolling_180d,0.05,True,region_component,flare_coverage,0.002849740932642487,-0.02317016415760235,0.028328283541866166,137,1000
retrospective_cycle25,gru,rolling_180d,0.05,True,region_component,mean_set_size,0.15466160798973386,0.1305743911877767,0.17950370460372034,943,1000
retrospective_cycle25,gru,rolling_180d,0.05,True,region_component,both_fraction,0.15466160798973386,0.1305743911877767,0.17950370460372034,943,1000
retrospective_cycle25,gru,rolling_180d,0.05,True,calendar_7day_UTC,coverage,0.029766222172627352,0.020840198833958313,0.03887381088965124,255,1000
retrospective_cycle25,gru,rolling_180d,0.05,True,calendar_7day_UTC,nonflare_coverage,0.03301444381917089,0.024055297770288298,0.04214414712636146,255,1000
retrospective_cycle25,gru,rolling_180d,0.05,True,calendar_7day_UTC,flare_coverage,0.002849740932642487,-0.026970853469285894,0.027073934524698084,126,1000
retrospective_cycle25,gru,rolling_180d,0.05,True,calendar_7day_UTC,mean_set_size,0.15466160798973386,0.1214842042062479,0.1881113413658126,255,1000
retrospective_cycle25,gru,rolling_180d,0.05,True,calendar_7day_UTC,both_fraction,0.15466160798973386,0.1214842042062479,0.1881113413658126,255,1000
retrospective_cycle25,logistic,rolling_180d,0.1,True,region_component,coverage,0.05836076549684763,0.04695281992939133,0.06873976388137598,943,1000
retrospective_cycle25,logistic,rolling_180d,0.1,True,region_component,nonflare_coverage,0.04902144688301132,0.038303224009322324,0.059782589650688604,913,1000
retrospective_cycle25,logistic,rolling_180d,0.1,True,region_component,flare_coverage,0.13575129533678756,0.0955590527822643,0.17582246953197844,137,1000
retrospective_cycle25,logistic,rolling_180d,0.1,True,region_component,mean_set_size,0.30979746694191823,0.28619430763857906,0.33548720720392194,943,1000
retrospective_cycle25,logistic,rolling_180d,0.1,True,region_component,both_fraction,0.3105785861741896,0.28693044294318015,0.3361453216426037,943,1000
retrospective_cycle25,logistic,rolling_180d,0.1,True,calendar_7day_UTC,coverage,0.05836076549684763,0.048104609644013266,0.06934595938021541,255,1000
retrospective_cycle25,logistic,rolling_180d,0.1,True,calendar_7day_UTC,nonflare_coverage,0.04902144688301132,0.037944281849593524,0.06071719793171565,255,1000
retrospective_cycle25,logistic,rolling_180d,0.1,True,calendar_7day_UTC,flare_coverage,0.13575129533678756,0.09710894204657979,0.17642856935849607,126,1000
retrospective_cycle25,logistic,rolling_180d,0.1,True,calendar_7day_UTC,mean_set_size,0.30979746694191823,0.276568194451799,0.3449114442483427,255,1000
retrospective_cycle25,logistic,rolling_180d,0.1,True,calendar_7day_UTC,both_fraction,0.3105785861741896,0.27785292329938216,0.34531667504413077,255,1000
retrospective_cycle25,logistic,rolling_180d,0.05,True,region_component,coverage,0.034564526028008705,0.025683895217970477,0.04291853050257342,943,1000
retrospective_cycle25,logistic,rolling_180d,0.05,True,region_component,nonflare_coverage,0.03801663227662102,0.028470528750075857,0.04727044666256939,913,1000
retrospective_cycle25,logistic,rolling_180d,0.05,True,region_component,flare_coverage,0.005958549222797927,-0.018392551097356744,0.02996989593878782,137,1000
retrospective_cycle25,logistic,rolling_180d,0.05,True,region_component,mean_set_size,0.17123249456006248,0.14717300333964672,0.19563349180587689,943,1000
retrospective_cycle25,logistic,rolling_180d,0.05,True,region_component,both_fraction,0.17123249456006248,0.14717300333964672,0.19563349180587689,943,1000
retrospective_cycle25,logistic,rolling_180d,0.05,True,calendar_7day_UTC,coverage,0.034564526028008705,0.025488665818612265,0.04426677250410088,255,1000
retrospective_cycle25,logistic,rolling_180d,0.05,True,calendar_7day_UTC,nonflare_coverage,0.03801663227662102,0.02851538973595506,0.04812926662751844,255,1000
retrospective_cycle25,logistic,rolling_180d,0.05,True,calendar_7day_UTC,flare_coverage,0.005958549222797927,-0.021213827618886884,0.02929868468918382,126,1000
retrospective_cycle25,logistic,rolling_180d,0.05,True,calendar_7day_UTC,mean_set_size,0.17123249456006248,0.13807346243179427,0.20353347711123806,255,1000
retrospective_cycle25,logistic,rolling_180d,0.05,True,calendar_7day_UTC,both_fraction,0.17123249456006248,0.13807346243179427,0.20353347711123806,255,1000
supplementary_2026,gru,rolling_180d,0.1,True,region_component,coverage,0.019967620075553156,0.00184331924131961,0.03952536504922237,128,1000
supplementary_2026,gru,rolling_180d,0.1,True,region_component,nonflare_coverage,-0.012146948449535849,-0.020745603355525482,-0.004607943932108128,126,1000
supplementary_2026,gru,rolling_180d,0.1,True,region_component,flare_coverage,0.3477822580645161,0.20452314238273145,0.5055216452723886,22,1000
supplementary_2026,gru,rolling_180d,0.1,True,region_component,mean_set_size,0.3509624033099478,0.3036587001000812,0.393266926768592,128,1000
supplementary_2026,gru,rolling_180d,0.1,True,region_component,both_fraction,0.3509624033099478,0.3036587001000812,0.393266926768592,128,1000
supplementary_2026,gru,rolling_180d,0.1,True,calendar_7day_UTC,coverage,0.019967620075553156,0.006888800813342907,0.03424289279755195,33,1000
supplementary_2026,gru,rolling_180d,0.1,True,calendar_7day_UTC,nonflare_coverage,-0.012146948449535849,-0.019471854593416944,-0.004495089783846717,33,1000
supplementary_2026,gru,rolling_180d,0.1,True,calendar_7day_UTC,flare_coverage,0.3477822580645161,0.24683593111187555,0.4782814394595531,21,1000
supplementary_2026,gru,rolling_180d,0.1,True,calendar_7day_UTC,mean_set_size,0.3509624033099478,0.2852546624595611,0.4117576214546673,33,1000
supplementary_2026,gru,rolling_180d,0.1,True,calendar_7day_UTC,both_fraction,0.3509624033099478,0.2852546624595611,0.4117576214546673,33,1000
supplementary_2026,gru,rolling_180d,0.05,True,region_component,coverage,0.009713977334052886,-0.0031923638305143814,0.02503881894071821,128,1000
supplementary_2026,gru,rolling_180d,0.05,True,region_component,nonflare_coverage,-0.005925340707090658,-0.015891780430952743,0.0038143289059935402,126,1000
supplementary_2026,gru,rolling_180d,0.05,True,region_component,flare_coverage,0.1693548387096774,0.053910124289550936,0.3132229825808745,22,1000
supplementary_2026,gru,rolling_180d,0.05,True,region_component,mean_set_size,0.24986508364813814,0.20697826665472965,0.2919086622912358,128,1000
supplementary_2026,gru,rolling_180d,0.05,True,region_component,both_fraction,0.24986508364813814,0.20697826665472965,0.2919086622912358,128,1000
supplementary_2026,gru,rolling_180d,0.05,True,calendar_7day_UTC,coverage,0.009713977334052886,-0.005843520488746711,0.024324353519049827,33,1000
supplementary_2026,gru,rolling_180d,0.05,True,calendar_7day_UTC,nonflare_coverage,-0.005925340707090658,-0.02054186633660966,0.0075427590466553,33,1000
supplementary_2026,gru,rolling_180d,0.05,True,calendar_7day_UTC,flare_coverage,0.1693548387096774,0.069407940819098,0.31111008273039453,21,1000
supplementary_2026,gru,rolling_180d,0.05,True,calendar_7day_UTC,mean_set_size,0.24986508364813814,0.18157620275568656,0.3079937623828276,33,1000
supplementary_2026,gru,rolling_180d,0.05,True,calendar_7day_UTC,both_fraction,0.24986508364813814,0.18157620275568656,0.3079937623828276,33,1000
supplementary_2026,logistic,rolling_180d,0.1,True,region_component,coverage,0.0176290699766145,-0.0017430159879150806,0.03735259006712529,128,1000
supplementary_2026,logistic,rolling_180d,0.1,True,region_component,nonflare_coverage,-0.015109618803081178,-0.02461675754926683,-0.007187380975507013,126,1000
supplementary_2026,logistic,rolling_180d,0.1,True,region_component,flare_coverage,0.35181451612903225,0.20376880408404655,0.5188728391162861,22,1000
supplementary_2026,logistic,rolling_180d,0.1,True,region_component,mean_set_size,0.34421658571685554,0.2983235688538981,0.3885563644772429,128,1000
supplementary_2026,logistic,rolling_180d,0.1,True,region_component,both_fraction,0.34421658571685554,0.2983235688538981,0.3885563644772429,128,1000
supplementary_2026,logistic,rolling_180d,0.1,True,calendar_7day_UTC,coverage,0.0176290699766145,0.004430846588739217,0.03211189913572666,33,1000
supplementary_2026,logistic,rolling_180d,0.1,True,calendar_7day_UTC,nonflare_coverage,-0.015109618803081178,-0.023370281615724145,-0.006394095299857286,33,1000
supplementary_2026,logistic,rolling_180d,0.1,True,calendar_7day_UTC,flare_coverage,0.35181451612903225,0.25916078207087123,0.47778837420526793,21,1000
supplementary_2026,logistic,rolling_180d,0.1,True,calendar_7day_UTC,mean_set_size,0.34421658571685554,0.2802430221072696,0.4056980224761114,33,1000
supplementary_2026,logistic,rolling_180d,0.1,True,calendar_7day_UTC,both_fraction,0.34421658571685554,0.2802430221072696,0.4056980224761114,33,1000
supplementary_2026,logistic,rolling_180d,0.05,True,region_component,coverage,0.009264256161180068,-0.0045933169825258975,0.02634762764562681,128,1000
supplementary_2026,logistic,rolling_180d,0.05,True,region_component,nonflare_coverage,-0.008295476989926921,-0.01859696495835197,0.0019534890336946375,126,1000
supplementary_2026,logistic,rolling_180d,0.05,True,region_component,flare_coverage,0.18850806451612903,0.06554834054834055,0.34057414945474646,22,1000
supplementary_2026,logistic,rolling_180d,0.05,True,region_component,mean_set_size,0.2921388738981831,0.239218124802635,0.3437375521504867,128,1000
supplementary_2026,logistic,rolling_180d,0.05,True,region_component,both_fraction,0.2921388738981831,0.239218124802635,0.3437375521504867,128,1000
supplementary_2026,logistic,rolling_180d,0.05,True,calendar_7day_UTC,coverage,0.009264256161180068,-0.00708034604024193,0.02414311307544547,33,1000
supplementary_2026,logistic,rolling_180d,0.05,True,calendar_7day_UTC,nonflare_coverage,-0.008295476989926921,-0.0226391570987013,0.004582464387496505,33,1000
supplementary_2026,logistic,rolling_180d,0.05,True,calendar_7day_UTC,flare_coverage,0.18850806451612903,0.08441327860307532,0.3417435866163749,21,1000
supplementary_2026,logistic,rolling_180d,0.05,True,calendar_7day_UTC,mean_set_size,0.2921388738981831,0.20852239547845672,0.36415540871122964,33,1000
supplementary_2026,logistic,rolling_180d,0.05,True,calendar_7day_UTC,both_fraction,0.2921388738981831,0.20852239547845672,0.36415540871122964,33,1000
