model,lookback_days,alpha,label,updates,guarded_updates,minimum_windows,median_windows,minimum_components
gru,90,0.05,0,2975,203,0,1459.0,0
gru,90,0.05,1,2975,1435,0,129.0,0
gru,90,0.1,0,2975,203,0,1459.0,0
gru,90,0.1,1,2975,1435,0,129.0,0
gru,180,0.05,0,2975,137,0,3058.0,0
gru,180,0.05,1,2975,943,0,277.0,0
gru,180,0.1,0,2975,137,0,3058.0,0
gru,180,0.1,1,2975,943,0,277.0,0
gru,365,0.05,0,2975,86,0,6175.0,0
gru,365,0.05,1,2975,705,0,559.0,0
gru,365,0.1,0,2975,86,0,6175.0,0
gru,365,0.1,1,2975,705,0,559.0,0
logistic,90,0.05,0,2975,203,0,1459.0,0
logistic,90,0.05,1,2975,1435,0,129.0,0
logistic,90,0.1,0,2975,203,0,1459.0,0
logistic,90,0.1,1,2975,1435,0,129.0,0
logistic,180,0.05,0,2975,137,0,3058.0,0
logistic,180,0.05,1,2975,943,0,277.0,0
logistic,180,0.1,0,2975,137,0,3058.0,0
logistic,180,0.1,1,2975,943,0,277.0,0
logistic,365,0.05,0,2975,86,0,6175.0,0
logistic,365,0.05,1,2975,705,0,559.0,0
logistic,365,0.1,0,2975,86,0,6175.0,0
logistic,365,0.1,1,2975,705,0,559.0,0
