role,model,method,alpha,selected_on_policy,year,cases,nonflare_cases,flare_cases,covered,coverage,mean_set_size,singleton_cases,singleton_fraction,singleton_error,nonflare_covered,nonflare_coverage,flare_covered,flare_coverage,empty_count,empty_fraction,nonflare_only_count,nonflare_only_fraction,flare_only_count,flare_only_fraction,both_count,both_fraction,flare_singleton_nonflare_count,flare_singleton_nonflare_rate,support_guard_fraction
retrospective_cycle25,gru,fixed_2015,0.1,False,2021,4351,4163,188,3978,0.9142725810158584,1.022983222247759,4251,0.9770167777522408,0.08774406022112444,3819,0.9173672832092241,159,0.8457446808510638,0,0.0,3764,0.8650884854056539,487,0.111928292346587,100,0.022983222247759137,29,0.15425531914893617,0.0
retrospective_cycle25,gru,fixed_2015,0.1,False,2022,7639,6932,707,6423,0.8408168608456604,1.0263123445477156,7438,0.9736876554522843,0.16348480774401722,6024,0.8690132717830352,399,0.5643564356435643,0,0.0,6183,0.8093991360125671,1255,0.16428851943971723,201,0.02631234454771567,308,0.43564356435643564,0.0
retrospective_cycle25,gru,fixed_2015,0.1,False,2023,9211,8137,1074,7255,0.787645206817935,1.040603626099229,8837,0.9593963739007708,0.22134208441778885,6540,0.8037360206464299,715,0.6657355679702048,0,0.0,6568,0.7130604711757681,2269,0.24633590272500272,374,0.040603626099229184,359,0.33426443202979517,0.0
retrospective_cycle25,gru,fixed_2015,0.1,False,2024,7072,5813,1259,5682,0.8034502262443439,1.0388857466063348,6797,0.9611142533936652,0.20450198617036927,4603,0.7918458627214863,1079,0.8570293884034949,0,0.0,4570,0.646210407239819,2227,0.31490384615384615,275,0.03888574660633484,180,0.14297061159650518,0.0
retrospective_cycle25,gru,fixed_2015,0.1,False,2025,7573,6941,632,6383,0.8428628020599498,1.0390862273867687,7277,0.9609137726132312,0.16352892675553113,5897,0.849589396340585,486,0.7689873417721519,0,0.0,5813,0.7675954047273208,1464,0.19331836788591047,296,0.039086227386768785,146,0.2310126582278481,0.0
retrospective_cycle25,gru,rolling_90d,0.1,False,2021,4351,4163,188,3813,0.8763502643070559,1.7809698919788555,953,0.21903010802114456,0.5645330535152151,3625,0.8707662743214029,188,1.0,0,0.0,282,0.06481268673868076,671,0.1542174212824638,3398,0.7809698919788555,0,0.0,0.9351873132613192
retrospective_cycle25,gru,rolling_90d,0.1,False,2022,7639,6932,707,6752,0.8838853253043593,1.5406466815028146,3509,0.45935331849718547,0.2527785693929895,6120,0.8828620888632429,632,0.8939179632248939,0,0.0,2376,0.31103547584762403,1133,0.14831784264956147,4130,0.5406466815028145,75,0.10608203677510608,0.23144390627045425
retrospective_cycle25,gru,rolling_90d,0.1,False,2023,9211,8137,1074,8236,0.8941483009445228,1.4795353381826077,4794,0.5204646618173923,0.20337922403003755,7287,0.8955388963991643,949,0.8836126629422719,0,0.0,3442,0.3736836391271306,1352,0.14678102269026164,4417,0.47953533818260774,125,0.11638733705772812,0.0016284876777765715
retrospective_cycle25,gru,rolling_90d,0.1,False,2024,7072,5813,1259,6162,0.8713235294117647,1.189762443438914,5730,0.810237556561086,0.15881326352530542,5033,0.8658179941510408,1129,0.8967434471803019,0,0.0,4103,0.5801753393665159,1627,0.23006221719457012,1342,0.18976244343891402,130,0.10325655281969817,0.0
retrospective_cycle25,gru,rolling_90d,0.1,False,2025,7573,6941,632,6870,0.9071702099564242,1.2767727452792816,5477,0.7232272547207184,0.12835493883512872,6293,0.906641694280363,577,0.9129746835443038,0,0.0,4553,0.6012148422025617,924,0.12201241251815662,2096,0.27677274527928164,55,0.08702531645569621,0.14234781460451604
retrospective_cycle25,gru,rolling_180d,0.1,True,2021,4351,4163,188,3796,0.8724431165249368,1.5865318317628132,1741,0.40013789933348654,0.30212521539345205,3640,0.8743694451116983,156,0.8297872340425532,29,0.00666513445185015,1094,0.2514364513904849,647,0.1487014479430016,2581,0.5931969662146633,29,0.15425531914893617,0.7152378763502643
retrospective_cycle25,gru,rolling_180d,0.1,True,2022,7639,6932,707,6727,0.8806126456342454,1.349391281581359,4970,0.6506087184186412,0.1835010060362173,6150,0.8871898442008078,577,0.8161244695898161,0,0.0,3859,0.5051708338787799,1111,0.14543788453986123,2669,0.3493912815813588,130,0.18387553041018387,0.0
retrospective_cycle25,gru,rolling_180d,0.1,True,2023,9211,8137,1074,8203,0.8905656280534144,1.5033112582781456,4575,0.4966887417218543,0.22032786885245903,7266,0.8929580926631436,937,0.87243947858473,0,0.0,3198,0.34719357290196506,1377,0.14949516881988925,4636,0.5033112582781457,137,0.12756052141527002,0.0
retrospective_cycle25,gru,rolling_180d,0.1,True,2024,7072,5813,1259,6157,0.8706165158371041,1.2081447963800904,5600,0.7918552036199095,0.16339285714285715,5001,0.8603130913469809,1156,0.9181890389197777,0,0.0,3886,0.5494909502262444,1714,0.24236425339366516,1472,0.2081447963800905,103,0.0818109610802224,0.0
retrospective_cycle25,gru,rolling_180d,0.1,True,2025,7573,6941,632,7053,0.9313350059421629,1.2033540208635944,6033,0.7966459791364057,0.08619260732637163,6487,0.9345915574124766,566,0.8955696202531646,0,0.0,5318,0.7022316123068797,715,0.09441436682952595,1540,0.20335402086359436,66,0.10443037974683544,0.0
retrospective_cycle25,gru,rolling_365d,0.1,False,2021,4351,4163,188,3769,0.8662376465180418,1.568145253964606,1853,0.4258791082509768,0.30706961683756073,3601,0.8650012010569301,168,0.8936170212765957,13,0.0029878188922086877,1138,0.26154906917949894,715,0.16433003907147783,2485,0.5711330728568145,18,0.09574468085106383,0.6851298552056998
retrospective_cycle25,gru,rolling_365d,0.1,False,2022,7639,6932,707,6636,0.8687000916350308,1.269799712004189,5578,0.7302002879958109,0.17981355324489065,6070,0.8756491633006347,566,0.8005657708628006,0,0.0,4378,0.5731116638303443,1200,0.15708862416546668,2061,0.269799712004189,141,0.19943422913719944,0.0
retrospective_cycle25,gru,rolling_365d,0.1,False,2023,9211,8137,1074,8173,0.8873086526978613,1.5167734230810987,4451,0.4832265769189013,0.2332060211188497,7206,0.8855843677030847,967,0.9003724394785847,0,0.0,2989,0.32450331125827814,1462,0.15872326566062317,4760,0.5167734230810986,107,0.09962756052141528,0.0
retrospective_cycle25,gru,rolling_365d,0.1,False,2024,7072,5813,1259,6262,0.8854638009049773,1.3229638009049773,4788,0.6770361990950227,0.16917293233082706,5069,0.8720110098056081,1193,0.9475774424146147,0,0.0,3137,0.4435803167420814,1651,0.23345588235294118,2284,0.3229638009049774,66,0.05242255758538523,0.0
retrospective_cycle25,gru,rolling_365d,0.1,False,2025,7573,6941,632,7049,0.9308068136801796,1.1956952330648356,6091,0.8043047669351644,0.08602856673780988,6494,0.9356000576285838,555,0.8781645569620253,0,0.0,5406,0.7138518420705137,685,0.09045292486465073,1482,0.1956952330648356,77,0.12183544303797468,0.0
retrospective_cycle25,gru,fixed_2015,0.05,False,2021,4351,4163,188,4149,0.9535738910595265,1.2831532980923925,3119,0.7168467019076075,0.0647643475472908,3961,0.9514773000240211,188,1.0,0,0.0,2834,0.6513445185014939,285,0.06550218340611354,1232,0.28315329809239254,0,0.0,0.0
retrospective_cycle25,gru,fixed_2015,0.05,False,2022,7639,6932,707,7034,0.9208011519832439,1.358162063097264,4903,0.6418379369027359,0.12339384050581277,6432,0.927870744373918,602,0.8514851485148515,0,0.0,4153,0.5436575467993193,750,0.09818039010341668,2736,0.35816206309726406,105,0.1485148514851485,0.0
retrospective_cycle25,gru,fixed_2015,0.05,False,2023,9211,8137,1074,8137,0.8834002822711975,1.3853001845619368,5662,0.6146998154380632,0.18968562345460968,7211,0.8861988447830896,926,0.8621973929236499,0,0.0,4207,0.4567365106937358,1455,0.15796330474432743,3549,0.3853001845619368,148,0.1378026070763501,0.0
retrospective_cycle25,gru,fixed_2015,0.05,False,2024,7072,5813,1259,6303,0.8912613122171946,1.3536481900452488,4571,0.6463518099547512,0.16823452198643624,5094,0.8763117151212799,1209,0.960285941223193,0,0.0,2960,0.41855203619909503,1611,0.2277997737556561,2501,0.3536481900452489,50,0.03971405877680699,0.0
retrospective_cycle25,gru,fixed_2015,0.05,False,2025,7573,6941,632,6952,0.9179981513270831,1.3781856595800872,4709,0.6218143404199129,0.13187513272456997,6335,0.9126926955770062,617,0.9762658227848101,0,0.0,3831,0.505876138914565,878,0.11593820150534795,2864,0.37818565958008715,15,0.023734177215189875,0.0
retrospective_cycle25,gru,rolling_90d,0.05,False,2021,4351,4163,188,4093,0.9407032866007814,1.858193518731326,617,0.14180648126867387,0.4181523500810373,3905,0.9380254624069181,188,1.0,0,0.0,282,0.06481268673868076,335,0.07699379452999311,3734,0.8581935187313261,0,0.0,0.9351873132613192
retrospective_cycle25,gru,rolling_90d,0.05,False,2022,7639,6932,707,7174,0.9391281581358817,1.6917135750752716,2355,0.30828642492472835,0.19745222929936307,6518,0.9402769763416041,656,0.9278642149929278,0,0.0,1722,0.22542217567744469,633,0.08286424924728368,5284,0.6917135750752716,51,0.07213578500707214,0.23144390627045425
retrospective_cycle25,gru,rolling_90d,0.05,False,2023,9211,8137,1074,8677,0.9420258386711541,1.6712626207795027,3028,0.32873737922049723,0.1763540290620872,7677,0.9434681086395478,1000,0.931098696461825,0,0.0,2263,0.24568450765389208,765,0.08305287156660515,6183,0.6712626207795027,74,0.06890130353817504,0.0016284876777765715
retrospective_cycle25,gru,rolling_90d,0.05,False,2024,7072,5813,1259,6561,0.9277432126696833,1.3679298642533937,4470,0.6320701357466063,0.11431767337807607,5383,0.9260278685704455,1178,0.9356632247815727,0,0.0,3349,0.4735576923076923,1121,0.15851244343891402,2602,0.3679298642533937,81,0.06433677521842732,0.0
retrospective_cycle25,gru,rolling_90d,0.05,False,2025,7573,6941,632,7240,0.9560279941898852,1.4600554601875082,4089,0.5399445398124918,0.08143800440205429,6643,0.9570667050857226,597,0.944620253164557,0,0.0,3645,0.4813151987323386,444,0.05862934108015318,3484,0.46005546018750826,35,0.055379746835443035,0.14234781460451604
retrospective_cycle25,gru,rolling_180d,0.05,True,2021,4351,4163,188,4042,0.9289818432544242,1.665823948517582,1454,0.33417605148241786,0.2125171939477304,3886,0.9334614460725439,156,0.8297872340425532,0,0.0,1100,0.2528154447253505,354,0.08136060675706734,2897,0.6658239485175822,32,0.1702127659574468,0.7152378763502643
retrospective_cycle25,gru,rolling_180d,0.05,True,2022,7639,6932,707,7127,0.9329755203560676,1.5152506872627307,3703,0.4847493127372693,0.13826627059141236,6516,0.9399884593190998,611,0.8642149929278642,0,0.0,3071,0.4020159706767902,632,0.08273334206047912,3936,0.5152506872627307,96,0.13578500707213578,0.0
retrospective_cycle25,gru,rolling_180d,0.05,True,2023,9211,8137,1074,8669,0.9411573119096732,1.6826620345239387,2923,0.31733796547606125,0.1854259322613753,7678,0.9435910040555487,991,0.9227188081936686,0,0.0,2154,0.23385083052871566,769,0.08348713494734557,6288,0.6826620345239388,83,0.07728119180633147,0.0
retrospective_cycle25,gru,rolling_180d,0.05,True,2024,7072,5813,1259,6545,0.9254807692307693,1.3618495475113122,4513,0.6381504524886877,0.11677376467981387,5355,0.9212110786168932,1190,0.9451945988880064,0,0.0,3321,0.46959841628959276,1192,0.16855203619909503,2559,0.3618495475113122,69,0.05480540111199365,0.0
retrospective_cycle25,gru,rolling_180d,0.05,True,2025,7573,6941,632,7259,0.9585369074343061,1.3626039878515779,4827,0.637396012148422,0.06505075616324839,6654,0.9586514911396052,605,0.9572784810126582,0,0.0,4432,0.585237026277565,395,0.05215898587085699,2746,0.362603987851578,27,0.04272151898734177,0.0
retrospective_cycle25,gru,rolling_365d,0.05,False,2021,4351,4163,188,4034,0.9271431854746035,1.6619168007354632,1471,0.3380831992645369,0.21549966009517335,3853,0.9255344703338938,181,0.9627659574468085,0,0.0,1071,0.24615031027350034,400,0.09193288899103655,2880,0.6619168007354631,7,0.03723404255319149,0.6851298552056998
retrospective_cycle25,gru,rolling_365d,0.05,False,2022,7639,6932,707,7129,0.9332373347296766,1.475716716847755,4005,0.524283283152245,0.12734082397003746,6523,0.940998268897865,606,0.8571428571428571,0,0.0,3368,0.44089540515774317,637,0.0833878779945019,3634,0.47571671684775496,101,0.14285714285714285,0.0
retrospective_cycle25,gru,rolling_365d,0.05,False,2023,9211,8137,1074,8698,0.9443057214200412,1.7256541092172402,2527,0.2743458907827597,0.20300751879699247,7669,0.9424849453115399,1029,0.9581005586592178,0,0.0,1683,0.18271631744653133,844,0.09162957333622843,6684,0.7256541092172403,45,0.04189944134078212,0.0
retrospective_cycle25,gru,rolling_365d,0.05,False,2024,7072,5813,1259,6573,0.9294400452488688,1.5135746606334841,3440,0.48642533936651583,0.14505813953488372,5360,0.9220712196800275,1213,0.9634630659253376,0,0.0,2249,0.3180147058823529,1191,0.1684106334841629,3632,0.5135746606334841,46,0.03653693407466243,0.0
retrospective_cycle25,gru,rolling_365d,0.05,False,2025,7573,6941,632,7353,0.9709494255909151,1.3835996302654165,4668,0.6164003697345833,0.04712939160239932,6745,0.9717619939489986,608,0.9620253164556962,0,0.0,4349,0.5742770368414103,319,0.04212333289317312,2905,0.3835996302654166,24,0.0379746835443038,0.0
retrospective_cycle25,logistic,fixed_2015,0.1,False,2021,4351,4163,188,3999,0.9190990576878878,1.0307975178119972,4217,0.9692024821880028,0.08347166231918425,3842,0.9228921450876771,157,0.8351063829787234,0,0.0,3753,0.8625603309584003,464,0.1066421512296024,134,0.030797517811997244,31,0.16489361702127658,0.0
retrospective_cycle25,logistic,fixed_2015,0.1,False,2022,7639,6932,707,6445,0.8436968189553606,1.0425448357114806,7314,0.9574551642885194,0.16324856439704677,6035,0.870600115406809,410,0.57991513437058,0,0.0,6072,0.7948684382772614,1242,0.162586726011258,325,0.04254483571148056,297,0.4200848656294201,0.0
retrospective_cycle25,logistic,fixed_2015,0.1,False,2023,9211,8137,1074,7290,0.7914450113994137,1.0555857127347736,8699,0.9444142872652264,0.22082998045752386,6569,0.8072999877104584,721,0.6713221601489758,0,0.0,6464,0.7017696232765173,2235,0.24264466398870915,512,0.05558571273477364,353,0.3286778398510242,0.0
retrospective_cycle25,logistic,fixed_2015,0.1,False,2024,7072,5813,1259,5698,0.8057126696832579,1.0509049773755657,6712,0.9490950226244343,0.20470798569725865,4615,0.7939102012730088,1083,0.8602065131056394,0,0.0,4505,0.6370192307692307,2207,0.3120757918552036,360,0.05090497737556561,176,0.1397934868943606,0.0
retrospective_cycle25,logistic,fixed_2015,0.1,False,2025,7573,6941,632,6345,0.8378449755711079,1.0545358510497822,7160,0.9454641489502179,0.17150837988826817,5862,0.844546895260049,483,0.7642405063291139,0,0.0,5670,0.7487125313614156,1490,0.19675161758880233,413,0.05453585104978212,149,0.23575949367088608,0.0
retrospective_cycle25,logistic,rolling_90d,0.1,False,2021,4351,4163,188,3839,0.8823259020914732,1.7869455297632728,927,0.2130544702367272,0.552319309600863,3651,0.877011770357915,188,1.0,0,0.0,282,0.06481268673868076,645,0.14824178349804643,3424,0.7869455297632728,0,0.0,0.9351873132613192
retrospective_cycle25,logistic,rolling_90d,0.1,False,2022,7639,6932,707,6767,0.8858489331064275,1.5509883492603744,3430,0.4490116507396256,0.2542274052478134,6134,0.8848817080207733,633,0.8953323903818954,0,0.0,2301,0.30121743683728236,1129,0.14779421390234324,4209,0.5509883492603744,74,0.10466760961810467,0.23144390627045425
retrospective_cycle25,logistic,rolling_90d,0.1,False,2023,9211,8137,1074,8217,0.8920855498860059,1.4470741504722615,5093,0.5529258495277386,0.19516984095817788,7267,0.8930809880791446,950,0.8845437616387337,0,0.0,3735,0.4054934317663663,1358,0.14743241776137228,4118,0.4470741504722614,124,0.1154562383612663,0.0016284876777765715
retrospective_cycle25,logistic,rolling_90d,0.1,False,2024,7072,5813,1259,6180,0.873868778280543,1.2034785067873304,5633,0.7965214932126696,0.15835256524054678,5047,0.8682263891278169,1133,0.8999205718824463,0,0.0,4064,0.5746606334841629,1569,0.22186085972850678,1439,0.20347850678733032,126,0.10007942811755362,0.0
retrospective_cycle25,logistic,rolling_90d,0.1,False,2025,7573,6941,632,6832,0.9021523834675822,1.2709626303974646,5521,0.7290373696025353,0.1342148161564934,6272,0.9036161936320415,560,0.8860759493670886,0,0.0,4582,0.6050442361019411,939,0.12399313350059421,2052,0.27096263039746465,72,0.11392405063291139,0.14234781460451604
retrospective_cycle25,logistic,rolling_180d,0.1,True,2021,4351,4163,188,3792,0.8715237876350265,1.5879108250976788,1737,0.39921857044357617,0.30569948186528495,3635,0.8731683881815998,157,0.8351063829787234,28,0.006435302229372558,1084,0.24913812916570904,653,0.15008044127786715,2586,0.5943461273270513,29,0.15425531914893617,0.7152378763502643
retrospective_cycle25,logistic,rolling_180d,0.1,True,2022,7639,6932,707,6710,0.8783872234585679,1.351093075009818,4957,0.648906924990182,0.18741174097236232,6132,0.8845931909982689,578,0.8175388967468176,0,0.0,3821,0.5001963607802068,1136,0.14871056420997514,2682,0.351093075009818,129,0.18246110325318246,0.0
retrospective_cycle25,logistic,rolling_180d,0.1,True,2023,9211,8137,1074,8200,0.8902399305178591,1.4875692107263054,4720,0.5124307892736945,0.21419491525423728,7272,0.8936954651591495,928,0.8640595903165735,0,0.0,3336,0.3621756595375095,1384,0.150255129736185,4491,0.4875692107263055,146,0.13594040968342644,0.0
retrospective_cycle25,logistic,rolling_180d,0.1,True,2024,7072,5813,1259,6150,0.8696266968325792,1.2170531674208145,5537,0.7829468325791855,0.16651616398771898,4990,0.8584207810080853,1160,0.9213661636219221,0,0.0,3843,0.5434106334841629,1694,0.23953619909502263,1535,0.21705316742081449,99,0.07863383637807785,0.0
retrospective_cycle25,logistic,rolling_180d,0.1,True,2025,7573,6941,632,7017,0.9265812755843127,1.2090320876799154,5990,0.7909679123200846,0.09282136894824708,6462,0.9309897709263795,555,0.8781645569620253,0,0.0,5291,0.698666314538492,699,0.0923015977815925,1583,0.2090320876799155,77,0.12183544303797468,0.0
retrospective_cycle25,logistic,rolling_365d,0.1,False,2021,4351,4163,188,3768,0.8660078142955643,1.568604918409561,1825,0.41944380602160425,0.3052054794520548,3609,0.8669228921450877,159,0.8457446808510638,26,0.0059756377844173755,1135,0.2608595725120662,690,0.15858423350953804,2500,0.5745805561939784,21,0.11170212765957446,0.6851298552056998
retrospective_cycle25,logistic,rolling_365d,0.1,False,2022,7639,6932,707,6617,0.8662128550857442,1.2669197538944887,5600,0.7330802461055111,0.1825,6044,0.8718984420080784,573,0.8104667609618105,0,0.0,4361,0.5708862416546668,1239,0.16219400445084436,2039,0.2669197538944888,134,0.18953323903818953,0.0
retrospective_cycle25,logistic,rolling_365d,0.1,False,2023,9211,8137,1074,8153,0.8851373357941592,1.4896319617848226,4701,0.5103680382151775,0.22505849819187407,7192,0.8838638318790709,961,0.8947858472998138,0,0.0,3208,0.3482792313538161,1493,0.16208880686136143,4510,0.4896319617848225,113,0.10521415270018622,0.0
retrospective_cycle25,logistic,rolling_365d,0.1,False,2024,7072,5813,1259,6246,0.8832013574660633,1.3194287330316743,4813,0.6805712669683258,0.17161853313941408,5054,0.8694305866162051,1192,0.9467831612390787,0,0.0,3169,0.4481052036199095,1644,0.2324660633484163,2259,0.3194287330316742,67,0.05321683876092136,0.0
retrospective_cycle25,logistic,rolling_365d,0.1,False,2025,7573,6941,632,7036,0.9290901888287336,1.2029578766671067,6036,0.7970421233328931,0.0889662027833002,6493,0.9354559861691399,543,0.8591772151898734,0,0.0,5365,0.7084378713851842,671,0.08860425194770896,1537,0.20295787666710682,89,0.14082278481012658,0.0
retrospective_cycle25,logistic,fixed_2015,0.05,False,2021,4351,4163,188,4163,0.9567915421742128,1.271661686968513,3169,0.728338313031487,0.05932470810981382,3975,0.9548402594282969,188,1.0,0,0.0,2904,0.6674327740749253,265,0.06090553895656171,1182,0.271661686968513,0,0.0,0.0
retrospective_cycle25,logistic,fixed_2015,0.05,False,2022,7639,6932,707,7041,0.9217175022908758,1.343762272548763,5013,0.6562377274512371,0.11928984639936166,6440,0.9290248124639354,601,0.8500707213578501,0,0.0,4272,0.5592355020290614,741,0.09700222542217568,2626,0.3437622725487629,106,0.14992927864214992,0.0
retrospective_cycle25,logistic,fixed_2015,0.05,False,2023,9211,8137,1074,8099,0.8792747801541635,1.3633698838345456,5864,0.6366301161654544,0.18963165075034105,7182,0.8826348777190611,917,0.8538175046554934,0,0.0,4362,0.473564216697427,1502,0.16306589946802735,3347,0.36336988383454566,157,0.14618249534450653,0.0
retrospective_cycle25,logistic,fixed_2015,0.05,False,2024,7072,5813,1259,6258,0.8848981900452488,1.3345588235294117,4706,0.6654411764705882,0.17297067573310668,5051,0.8689145019783244,1207,0.9586973788721207,0,0.0,3061,0.43283371040723984,1645,0.23260746606334842,2366,0.33455882352941174,52,0.04130262112787927,0.0
retrospective_cycle25,logistic,fixed_2015,0.05,False,2025,7573,6941,632,6892,0.9100752673973326,1.3607553149346363,4841,0.6392446850653638,0.14067341458376367,6278,0.9044806223887047,614,0.9715189873417721,0,0.0,3907,0.5159117918922488,934,0.12333289317311501,2732,0.3607553149346362,18,0.028481012658227847,0.0
retrospective_cycle25,logistic,rolling_90d,0.05,False,2021,4351,4163,188,4104,0.9432314410480349,1.860032176511147,609,0.13996782348885314,0.40558292282430214,3916,0.9406677876531347,188,1.0,0,0.0,282,0.06481268673868076,327,0.07515513675017238,3742,0.8600321765111468,0,0.0,0.9351873132613192
retrospective_cycle25,logistic,rolling_90d,0.05,False,2022,7639,6932,707,7163,0.9376881790810315,1.6800628354496663,2444,0.31993716455033383,0.19476268412438624,6505,0.938401615695326,658,0.9306930693069307,0,0.0,1780,0.2330147925121089,664,0.0869223720382249,5195,0.6800628354496662,49,0.06930693069306931,0.23144390627045425
retrospective_cycle25,logistic,rolling_90d,0.05,False,2023,9211,8137,1074,8682,0.9425686678970796,1.6667028552817285,3070,0.33329714471827165,0.1723127035830619,7687,0.9446970627995576,995,0.9264432029795159,0,0.0,2311,0.2508956682227771,759,0.08240147649549452,6141,0.6667028552817283,79,0.07355679702048418,0.0016284876777765715
retrospective_cycle25,logistic,rolling_90d,0.05,False,2024,7072,5813,1259,6568,0.9287330316742082,1.379383484162896,4389,0.6206165158371041,0.11483253588516747,5389,0.9270600378462068,1179,0.9364575059571089,0,0.0,3333,0.47129524886877827,1056,0.1493212669683258,2683,0.3793834841628959,80,0.06354249404289118,0.0
retrospective_cycle25,logistic,rolling_90d,0.05,False,2025,7573,6941,632,7203,0.951142215766539,1.4579426911395748,4105,0.5420573088604252,0.09013398294762484,6609,0.9521682754646305,594,0.939873417721519,0,0.0,3633,0.4797306219463885,472,0.06232668691403671,3468,0.4579426911395748,38,0.060126582278481014,0.14234781460451604
retrospective_cycle25,logistic,rolling_180d,0.05,True,2021,4351,4163,188,4060,0.933118823259021,1.6706504251896115,1433,0.3293495748103884,0.2030704815073273,3902,0.937304828248859,158,0.8404255319148937,0,0.0,1093,0.25120661916800735,340,0.07814295564238107,2918,0.6706504251896116,30,0.1595744680851064,0.7152378763502643
retrospective_cycle25,logistic,rolling_180d,0.05,True,2022,7639,6932,707,7125,0.9327137059824584,1.5271632412619454,3612,0.4728367587380547,0.14230343300110743,6506,0.9385458742065782,619,0.8755304101838756,0,0.0,2962,0.3877470873150936,650,0.08508967142296112,4027,0.5271632412619452,88,0.12446958981612447,0.0
retrospective_cycle25,logistic,rolling_180d,0.05,True,2023,9211,8137,1074,8678,0.9421344045163391,1.6578004559765498,3152,0.3421995440234502,0.1690989847715736,7695,0.9456802261275654,983,0.9152700186219739,0,0.0,2422,0.26294647703832374,730,0.07925306698512648,6059,0.6578004559765498,91,0.08472998137802606,0.0
retrospective_cycle25,logistic,rolling_180d,0.05,True,2024,7072,5813,1259,6554,0.9267533936651584,1.367222850678733,4475,0.6327771493212669,0.11575418994413408,5363,0.9225873043179081,1191,0.9459888800635425,0,0.0,3346,0.4731334841628959,1129,0.15964366515837103,2597,0.36722285067873306,68,0.054011119936457505,0.0
retrospective_cycle25,logistic,rolling_180d,0.05,True,2025,7573,6941,632,7275,0.9606496764822395,1.368414102733395,4783,0.6315858972666051,0.0623039933096383,6676,0.9618210632473707,599,0.9477848101265823,0,0.0,4417,0.5832563052951274,366,0.04832959197147762,2790,0.368414102733395,33,0.05221518987341772,0.0
retrospective_cycle25,logistic,rolling_365d,0.05,False,2021,4351,4163,188,4052,0.9312801654792002,1.665823948517582,1454,0.33417605148241786,0.20563961485557083,3871,0.9298582752822484,181,0.9627659574468085,0,0.0,1073,0.24660997471845553,381,0.0875660767639623,2897,0.6658239485175822,7,0.03723404255319149,0.6851298552056998
retrospective_cycle25,logistic,rolling_365d,0.05,False,2022,7639,6932,707,7129,0.9332373347296766,1.4988872889121614,3828,0.5011127110878387,0.13322884012539185,6515,0.9398442008078477,614,0.8684582743988685,0,0.0,3172,0.4152375965440503,656,0.08587511454378845,3811,0.4988872889121613,93,0.13154172560113153,0.0
retrospective_cycle25,logistic,rolling_365d,0.05,False,2023,9211,8137,1074,8673,0.9415915752904136,1.7102377592009554,2669,0.2897622407990446,0.20157362307980517,7642,0.9391667690795134,1031,0.9599627560521415,0,0.0,1825,0.1981326674628162,844,0.09162957333622843,6542,0.7102377592009553,43,0.04003724394785847,0.0
retrospective_cycle25,logistic,rolling_365d,0.05,False,2024,7072,5813,1259,6555,0.9268947963800905,1.504524886877828,3504,0.49547511312217196,0.1475456621004566,5345,0.9194907964906245,1210,0.9610802223987291,0,0.0,2318,0.3277714932126697,1186,0.16770361990950225,3568,0.504524886877828,49,0.03891977760127085,0.0
retrospective_cycle25,logistic,rolling_365d,0.05,False,2025,7573,6941,632,7356,0.9713455697874026,1.3797702363660371,4697,0.6202297636339628,0.046199701937406856,6750,0.9724823512462182,606,0.9588607594936709,0,0.0,4400,0.5810114881816981,297,0.039218275452264625,2876,0.37977023636603724,26,0.04113924050632911,0.0
supplementary_2026,gru,fixed_2015,0.1,False,2026,11118,10126,992,9713,0.8736283504227379,1.0230257240510883,10862,0.9769742759489117,0.12935002761922298,9281,0.9165514517084732,432,0.43548387096774194,0,0.0,9629,0.8660730347184745,1233,0.11090124123043713,256,0.023025724051088325,560,0.5645161290322581,0.0
supplementary_2026,gru,rolling_90d,0.1,False,2026,11118,10126,992,9872,0.8879294837200935,1.4325418240690773,6309,0.5674581759309228,0.19749564114756696,9023,0.8910724866679834,849,0.8558467741935484,0,0.0,4781,0.4300233855009894,1528,0.13743479042993345,4809,0.43254182406907715,143,0.14415322580645162,0.05657492354740061
supplementary_2026,gru,rolling_180d,0.1,True,2026,11118,10126,992,9935,0.8935959704982911,1.3739881273610361,6960,0.6260118726389639,0.1699712643678161,9158,0.9044045032589374,777,0.7832661290322581,0,0.0,5581,0.5019787731606404,1379,0.12403309947832344,4158,0.37398812736103615,215,0.21673387096774194,0.0
supplementary_2026,gru,rolling_365d,0.1,False,2026,11118,10126,992,10107,0.909066378845116,1.3555495592732505,7165,0.6444504407267494,0.141102581995813,9372,0.9255382184475608,735,0.7409274193548387,0,0.0,6032,0.5425436229537687,1133,0.10190681777298075,3953,0.3555495592732506,257,0.2590725806451613,0.0
supplementary_2026,gru,fixed_2015,0.05,False,2026,11118,10126,992,10451,0.940007195538766,1.2922288181327577,7869,0.7077711818672423,0.08476299402719532,9738,0.9616827967608137,713,0.71875,0,0.0,7175,0.6453498830724951,694,0.062421298794747254,3249,0.2922288181327577,279,0.28125,0.0
supplementary_2026,gru,rolling_90d,0.05,False,2026,11118,10126,992,10508,0.9451340169095162,1.5848174132038135,4616,0.41518258679618636,0.13214904679376083,9584,0.946474422279281,924,0.9314516129032258,0,0.0,3773,0.3393595970498291,843,0.07582298974635726,6502,0.5848174132038136,68,0.06854838709677419,0.05657492354740061
supplementary_2026,gru,rolling_180d,0.05,True,2026,11118,10126,992,10559,0.9497211728728189,1.542093901780896,5091,0.45790609821910416,0.10980161068552348,9678,0.9557574560537231,881,0.8881048387096774,0,0.0,4346,0.39089764346105416,745,0.06700845475805,6027,0.5420939017808959,111,0.11189516129032258,0.0
supplementary_2026,gru,rolling_365d,0.05,False,2026,11118,10126,992,10628,0.9559273250584638,1.5002698327037236,5556,0.4997301672962763,0.08819294456443484,9779,0.9657317795773257,849,0.8558467741935484,0,0.0,4920,0.44252563410685375,636,0.057204533189422556,5562,0.5002698327037237,143,0.14415322580645162,0.0
supplementary_2026,logistic,fixed_2015,0.1,False,2026,11118,10126,992,9784,0.8800143910775319,1.0348084187803561,10731,0.9651915812196438,0.1243127387941478,9339,0.9222792810586609,445,0.4485887096774194,0,0.0,9564,0.8602266594711279,1167,0.10496492174851592,387,0.034808418780356176,547,0.5514112903225806,0.0
supplementary_2026,logistic,rolling_90d,0.1,False,2026,11118,10126,992,9904,0.8908076992264796,1.4339809318222703,6293,0.5660190681777298,0.19291276020975687,9024,0.891171242346435,880,0.8870967741935484,0,0.0,4764,0.4284943335132218,1529,0.137524734664508,4825,0.4339809318222702,112,0.11290322580645161,0.05657492354740061
supplementary_2026,logistic,rolling_180d,0.1,True,2026,11118,10126,992,9980,0.8976434610541464,1.3790250044972117,6904,0.6209749955027882,0.16483198146002317,9186,0.9071696622555797,794,0.8004032258064516,0,0.0,5554,0.49955027882712716,1350,0.12142471667566108,4214,0.3790250044972117,198,0.19959677419354838,0.0
supplementary_2026,logistic,rolling_365d,0.1,False,2026,11118,10126,992,10124,0.9105954308328836,1.3542903399892068,7179,0.6457096600107933,0.13845939545897756,9389,0.9272170649812365,735,0.7409274193548387,0,0.0,6067,0.5456916711638784,1112,0.10001798884691492,3939,0.35429033998920667,257,0.2590725806451613,0.0
supplementary_2026,logistic,fixed_2015,0.05,False,2026,11118,10126,992,10458,0.940636805180788,1.2810757330455118,7993,0.7189242669544882,0.08257225071937946,9756,0.9634603989729409,702,0.7076612903225806,0,0.0,7303,0.6568627450980392,690,0.062061521856449,3125,0.28107573304551176,290,0.2923387096774194,0.0
supplementary_2026,logistic,rolling_90d,0.05,False,2026,11118,10126,992,10493,0.9437848533908977,1.613599568267674,4296,0.38640043173232597,0.14548417132216016,9569,0.9449930871025084,924,0.9314516129032258,0,0.0,3425,0.3080590034178809,871,0.07834142831444504,6822,0.613599568267674,68,0.06854838709677419,0.05657492354740061
supplementary_2026,logistic,rolling_180d,0.05,True,2026,11118,10126,992,10561,0.949901061341968,1.573214606943695,4745,0.4267853930563051,0.11738672286617492,9672,0.9551649219830141,889,0.8961693548387096,0,0.0,3983,0.3582478863104875,762,0.06853750674581759,6373,0.5732146069436949,103,0.10383064516129033,0.0
supplementary_2026,logistic,rolling_365d,0.05,False,2026,11118,10126,992,10664,0.959165317503148,1.4980212268393596,5581,0.5019787731606404,0.08134742877620497,9800,0.9678056488248075,864,0.8709677419354839,0,0.0,4959,0.4460334592552617,622,0.055945313905378664,5537,0.4980212268393596,128,0.12903225806451613,0.0
