year,population,candidate_sharp_aia,sharp_histories,known_labels
2010,3316,2377,2377,3316
2011,11277,7317,8554,9697
2012,10855,6818,7944,9377
2013,13333,9074,9833,12406
2014,11653,6736,8881,9128
2015,11259,7764,8549,10229
2016,6885,5052,5052,6851
2017,3462,2518,2705,3214
2018,1711,1213,1213,1711
2019,1058,763,763,1058
2020,2089,0,0,2055
2021,5828,4351,4575,5558
2022,11535,7639,9010,9799
2023,14676,9211,11187,12062
2024,14732,7072,11373,9182
2025,14774,7573,9258,12366
2026,14923,11118,12159,13586
