regime,system,cases,issued_cases,availability_rate,positive_retention_rate,tp,fp,fn,tn,recall,specificity,tss,brier,average_precision,roc_auc
cycle24_earlier_development,sharp,24046,24046,1.0,1.0,1127,2545,279,20095,0.8015647226173542,0.8875883392226148,0.689153061839969,0.036541581709662804,0.5380523046261363,0.9215555399876352
cycle24_earlier_development,aia_only,24046,20141,0.8376029277218664,0.7041251778093883,902,10888,88,8263,0.9111111111111111,0.43146571980575427,0.3425768309168653,0.046872073039276534,0.12189071577612198,0.768480639510873
cycle24_earlier_development,fusion,24046,24046,1.0,1.0,1165,4488,241,18152,0.8285917496443812,0.8017667844522968,0.630358534096678,0.041436221575012255,0.5244868007727406,0.8991881399253076
cycle25_2021_2025_diagnostic,sharp,35846,35846,1.0,1.0,2811,5992,1049,25994,0.7282383419689119,0.8126680422684924,0.5409063842374042,0.07736469461862225,0.4396029281149558,0.8481822520150493
cycle25_2021_2025_diagnostic,aia_only,35846,35846,1.0,1.0,2869,12911,991,19075,0.7432642487046632,0.5963546551616332,0.33961890386629645,0.09731935173440706,0.18350740042671915,0.7129462728026412
cycle25_2021_2025_diagnostic,fusion,35846,35846,1.0,1.0,2615,6060,1245,25926,0.677461139896373,0.8105421121740761,0.48800325207044914,0.08119158713474761,0.3906780834855019,0.8400012926639862
supplementary_2026_locked,sharp,11118,11118,1.0,1.0,421,1028,571,9098,0.42439516129032256,0.8984791625518467,0.3228743238421692,0.06909934673687489,0.3962164067851073,0.7858344735366639
supplementary_2026_locked,aia_only,11118,11118,1.0,1.0,116,438,876,9688,0.11693548387096774,0.9567450128382382,0.07368049670920596,0.08687185320556018,0.15881441968219406,0.6733007851076437
supplementary_2026_locked,fusion,11118,11118,1.0,1.0,337,481,655,9645,0.3397177419354839,0.9524985186648233,0.29221626060030714,0.07430385044525065,0.39231335656648486,0.7829774279561397
